,Gene Name,Model,Experiment,ME
PP_0082,trpA,0.0,0.0,0
PP_0184,argH,0.0,0.0,0
PP_0289,hisB,0.0,0.0,0
PP_0290,hisH,0.0,0.0,0
PP_0293,hisF,0.0,0.0,0
PP_1025,leuA,0.0,0.0,0
PP_1088,argG,0.0,0.0,0
PP_1303,cysD,0.0,0.0,0
PP_1304,cysNC,0.0,0.0,0
PP_1769,pheA,0.0,0.0,0
PP_1985,leuC,0.0,0.0,0
PP_1986,leuD,0.0,0.0,0
PP_1995,trpF,0.0,0.0,0
PP_2328,cysH,0.0,0.0,0
PP_2371,cysI,0.0,0.0,0
PP_4481,argD,0.0,0.0,0
PP_5128,ilvD,0.0,0.0,0
PP_5289,argB,0.0,0.0,0
PP_5335,purK,0.0,0.0,0
PP_1079,argF,0.0,0.0,0
PP_1231,nadA,0.0,0.0,0
PP_1237,dapA,0.0,0.0,0
PP_1770,tyrA,0.0,0.0,0
PP_1989,asd,0.0,0.0,0
PP_5155,serA,0.0,0.0,0
PP_5185,argA,0.0,0.0,0
PP_0083,trpB,0.0,0.0,0
PP_1988,leuB,0.0,0.0,0
PP_4678,ilvC,0.0,0.0,0
PP_0417,trpE,0.0,0.0,0
PP_0420,trpG,0.0,0.0,0
PP_0421,trpD,0.0,0.0,0
PP_0422,trpC,0.0,0.0,0
PP_0362,bioB,0.0,0.0,0
PP_0363,bioF,0.0,0.0,0
PP_1010,edd,1.0,0.0,1
PP_1024,eda,1.0,0.0,1
PP_4890,hisZ,0.0,0.0,0
PP_4984,bioA,0.0,0.0,0
PP_5097,metX,0.0,0.0,0
PP_3999,cobA2,0.0,0.0,0
PP_4909,serB,0.0,0.0,0
PP_0364,bioH,0.0,0.0,0
PP_5098,metW,0.0,0.0,0
PP_0515,ribE,1.0,1.0,1
PP_0614,amaB,1.0,1.0,1
PP_0840,cysE,1.0,1.0,1
PP_4038,pydA,1.0,1.0,1
PP_0787,nadC,0.0,1.0,0
PP_1530,dapD,0.0,1.0,0
PP_4699,panB,0.0,1.0,0
PP_4700,panC,0.0,1.0,0
PP_0365,bioC,0.0,1.0,0
PP_0121,thrB,1.0,0.0,1
PP_0008,,,,0
PP_0037,,,,1
PP_0045,,,,1
PP_0003,,,,0
PP_0026,,,,1
PP_0058,,,,1
PP_0043,,,,1
PP_0041,,,,1
PP_0059,,,,0
PP_0044,,,,1
PP_0060,,,,0
PP_0061,,,,0
PP_0067,,,,0
PP_0065,,,,1
PP_0066,,,,0
PP_0063,,,,1
PP_0068,,,,0
PP_0072,,,,1
PP_0073,,,,1
PP_0070,,,,0
PP_0074,,,,1
PP_0075,,,,1
PP_0076,,,,1
PP_0100,,,,1
PP_0077,,,,1
PP_0104,,,,1
PP_0105,,,,1
PP_0103,,,,1
PP_0106,,,,1
PP_0110,,,,1
PP_0112,,,,1
PP_0115,,,,1
PP_0113,,,,1
PP_0114,,,,1
PP_0117,,,,1
PP_0118,,,,1
PP_0120,,,,1
PP_0127,,,,1
PP_0129,,,,1
PP_0145,,,,1
PP_0137,,,,1
PP_0154,,,,1
PP_0147,,,,1
PP_0156,,,,1
PP_0158,,,,1
PP_0155,,,,1
PP_0165,,,,1
PP_0160,,,,1
PP_0169,,,,1
PP_0186,,,,0
PP_0187,,,,0
PP_0189,,,,0
PP_0188,,,,1
PP_0203,,,,1
PP_0190,,,,1
PP_0213,,,,1
PP_0205,,,,0
PP_0207,,,,1
PP_0208,,,,1
PP_0209,,,,1
PP_0214,,,,1
PP_0217,,,,1
PP_0219,,,,1
PP_0220,,,,1
PP_0221,,,,1
PP_0225,,,,1
PP_0226,,,,1
PP_0227,,,,1
PP_0228,,,,1
PP_0229,,,,1
PP_0230,,,,1
PP_0231,,,,1
PP_0233,,,,1
PP_0232,,,,1
PP_0238,,,,1
PP_0234,,,,1
PP_0237,,,,1
PP_0239,,,,1
PP_0236,,,,1
PP_0240,,,,1
PP_0243,,,,1
PP_0260,,,,1
PP_0261,,,,1
PP_0265,,,,1
PP_0280,,,,1
PP_0266,,,,1
PP_0281,,,,1
PP_0282,,,,1
PP_0283,,,,1
PP_0284,,,,1
PP_0292,,,,1
PP_0297,,,,1
PP_0295,,,,1
PP_0294,,,,1
PP_0296,,,,1
PP_0301,,,,1
PP_0302,,,,1
PP_0303,,,,1
PP_0310,,,,1
PP_0304,,,,1
PP_0321,,,,0
PP_0311,,,,1
PP_0315,,,,1
PP_0316,,,,1
PP_0322,,,,1
PP_0323,,,,1
PP_0324,,,,1
PP_0341,,,,0
PP_0327,,,,1
PP_0326,,,,1
PP_0325,,,,1
PP_0328,,,,1
PP_0342,,,,0
PP_0336,,,,1
PP_0343,,,,0
PP_0338,,,,1
PP_0339,,,,1
PP_0344,,,,0
PP_0346,,,,1
PP_0345,,,,1
PP_0350,,,,1
PP_0356,,,,1
PP_0366,,,,0
PP_0368,,,,1
PP_0376,,,,0
PP_0380,,,,0
PP_0387,,,,0
PP_0381,,,,0
PP_0378,,,,0
PP_0382,,,,1
PP_0392,,,,0
PP_0383,,,,1
PP_0389,,,,0
PP_0391,,,,1
PP_0393,,,,1
PP_0398,,,,1
PP_0399,,,,1
PP_0401,,,,0
PP_0411,,,,1
PP_0415,,,,1
PP_0412,,,,1
PP_0402,,,,0
PP_0414,,,,1
PP_0413,,,,1
PP_0416,,,,1
PP_0418,,,,1
PP_0432,,,,1
PP_0433,,,,1
PP_0427,,,,1
PP_0434,,,,1
PP_0436,,,,0
PP_0438,,,,0
PP_0437,,,,0
PP_0440,,,,1
PP_0441,,,,0
PP_0442,,,,0
PP_0443,,,,0
PP_0445,,,,0
PP_0444,,,,0
PP_0446,,,,0
PP_0447,,,,0
PP_0448,,,,0
PP_0449,,,,0
PP_0451,,,,0
PP_0450,,,,0
PP_0452,,,,1
PP_0453,,,,0
PP_0454,,,,0
PP_0456,,,,0
PP_0455,,,,0
PP_0458,,,,0
PP_0457,,,,0
PP_0459,,,,0
PP_0463,,,,0
PP_0461,,,,0
PP_0460,,,,0
PP_0464,,,,0
PP_0466,,,,0
PP_0465,,,,0
PP_0467,,,,0
PP_0468,,,,0
PP_0470,,,,0
PP_0474,,,,0
PP_0471,,,,0
PP_0469,,,,0
PP_0473,,,,0
PP_0476,,,,0
PP_0479,,,,0
PP_0478,,,,0
PP_0477,,,,0
PP_0480,,,,0
PP_0489,,,,1
PP_0481,,,,1
PP_0492,,,,1
PP_0491,,,,1
PP_0490,,,,1
PP_0494,,,,1
PP_0493,,,,1
PP_0501,,,,0
PP_0495,,,,1
PP_0496,,,,1
PP_0500,,,,1
PP_0518,,,,0
PP_0510,,,,1
PP_0514,,,,0
PP_0516,,,,1
PP_0517,,,,0
PP_0520,,,,0
PP_0528,,,,0
PP_0519,,,,0
PP_0522,,,,1
PP_0524,,,,1
PP_0525,,,,1
PP_0530,,,,1
PP_0527,,,,0
PP_0535,,,,1
PP_0538,,,,1
PP_0542,,,,1
PP_0543,,,,1
PP_0545,,,,1
PP_0548,,,,1
PP_0551,,,,1
PP_0544,,,,1
PP_0547,,,,1
PP_0553,,,,1
PP_0552,,,,1
PP_0555,,,,1
PP_0554,,,,1
PP_0556,,,,1
PP_0560,,,,1
PP_0558,,,,0
PP_0565,,,,1
PP_0559,,,,0
PP_0561,,,,1
PP_0567,,,,1
PP_0572,,,,1
PP_0591,,,,1
PP_0586,,,,1
PP_0597,,,,1
PP_0601,,,,0
PP_0606,,,,0
PP_0596,,,,1
PP_0603,,,,0
PP_0600,,,,0
PP_0602,,,,0
PP_0612,,,,1
PP_0631,,,,0
PP_0623,,,,0
PP_0654,,,,1
PP_0626,,,,1
PP_0652,,,,1
PP_0658,,,,1
PP_0659,,,,1
PP_0662,,,,1
PP_0660,,,,1
PP_0664,,,,1
PP_0665,,,,1
PP_0675,,,,1
PP_0669,,,,1
PP_0687,,,,0
PP_0671,,,,1
PP_0686,,,,1
PP_0713,,,,1
PP_0688,,,,0
PP_0691,,,,1
PP_0718,,,,1
PP_0721,,,,0
PP_0723,,,,0
PP_0732,,,,0
PP_0722,,,,1
PP_0733,,,,0
PP_0735,,,,0
PP_0744,,,,0
PP_0736,,,,1
PP_0745,,,,1
PP_0751,,,,1
PP_0746,,,,1
PP_0762,,,,1
PP_0747,,,,1
PP_0763,,,,1
PP_0777,,,,1
PP_0774,,,,1
PP_0786,,,,1
PP_0789,,,,1
PP_0793,,,,1
PP_0794,,,,1
PP_0808,,,,1
PP_0799,,,,1
PP_0795,,,,1
PP_0809,,,,1
PP_0812,,,,1
PP_0813,,,,1
PP_0814,,,,1
PP_0815,,,,1
PP_0816,,,,1
PP_0817,,,,1
PP_0823,,,,0
PP_0824,,,,1
PP_0825,,,,1
PP_0826,,,,1
PP_0832,,,,1
PP_0827,,,,1
PP_0835,,,,0
PP_0833,,,,1
PP_0836,,,,0
PP_0834,,,,0
PP_0839,,,,0
PP_0838,,,,1
PP_0843,,,,0
PP_0842,,,,0
PP_0844,,,,1
PP_0849,,,,1
PP_0853,,,,0
PP_0847,,,,0
PP_0850,,,,0
PP_0864,,,,1
PP_0860,,,,0
PP_0854,,,,0
PP_0867,,,,1
PP_0868,,,,1
PP_0869,,,,1
PP_0870,,,,1
PP_0871,,,,1
PP_0873,,,,1
PP_0872,,,,0
PP_0878,,,,1
PP_0879,,,,1
PP_0880,,,,1
PP_0881,,,,1
PP_0882,,,,1
PP_0883,,,,1
PP_0885,,,,1
PP_0884,,,,1
PP_0920,,,,1
PP_0897,,,,1
PP_0914,,,,1
PP_0922,,,,1
PP_0915,,,,1
PP_0926,,,,1
PP_0927,,,,1
PP_0928,,,,1
PP_0937,,,,0
PP_0931,,,,0
PP_0930,,,,0
PP_0936,,,,1
PP_0953,,,,0
PP_0932,,,,0
PP_0944,,,,1
PP_0946,,,,1
PP_0954,,,,0
PP_0955,,,,0
PP_0956,,,,0
PP_0957,,,,1
PP_0964,,,,0
PP_0960,,,,1
PP_0958,,,,1
PP_0959,,,,1
PP_0965,,,,0
PP_0970,,,,1
PP_0976,,,,0
PP_0966,,,,0
PP_0967,,,,0
PP_0977,,,,0
PP_0980,,,,1
PP_0982,,,,0
PP_0983,,,,0
PP_0986,,,,1
PP_0988,,,,1
PP_0999,,,,1
PP_0996,,,,1
PP_0989,,,,1
PP_0987,,,,1
PP_1000,,,,0
PP_1001,,,,1
PP_1005,,,,1
PP_1003,,,,1
PP_1002,,,,1
PP_1014,,,,1
PP_1011,,,,1
PP_1006,,,,1
PP_1009,,,,1
PP_1015,,,,1
PP_1017,,,,1
PP_1016,,,,1
PP_1018,,,,1
PP_1019,,,,1
PP_1022,,,,1
PP_1023,,,,1
PP_1031,,,,1
PP_1032,,,,0
PP_1041,,,,1
PP_1040,,,,1
PP_1037,,,,0
PP_1059,,,,1
PP_1068,,,,1
PP_1069,,,,1
PP_1071,,,,1
PP_1073,,,,1
PP_1070,,,,1
PP_1075,,,,1
PP_1076,,,,1
PP_1082,,,,1
PP_1078,,,,0
PP_1085,,,,1
PP_1100,,,,1
PP_1086,,,,0
PP_1097,,,,0
PP_1110,,,,1
PP_1132,,,,1
PP_1138,,,,1
PP_1137,,,,1
PP_1129,,,,0
PP_1139,,,,1
PP_1140,,,,1
PP_1141,,,,1
PP_1144,,,,1
PP_1156,,,,1
PP_1167,,,,1
PP_1157,,,,1
PP_1160,,,,1
PP_1171,,,,1
PP_1177,,,,0
PP_1168,,,,1
PP_1169,,,,1
PP_1179,,,,0
PP_1173,,,,1
PP_1183,,,,1
PP_1205,,,,0
PP_1200,,,,1
PP_1188,,,,1
PP_1213,,,,0
PP_1206,,,,1
PP_1225,,,,0
PP_1235,,,,1
PP_1226,,,,0
PP_1229,,,,1
PP_1251,,,,1
PP_1240,,,,0
PP_1256,,,,1
PP_1254,,,,1
PP_1255,,,,1
PP_1258,,,,1
PP_1257,,,,1
PP_1259,,,,1
PP_1277,,,,1
PP_1278,,,,1
PP_1279,,,,1
PP_1280,,,,1
PP_1283,,,,1
PP_1284,,,,1
PP_1281,,,,1
PP_1282,,,,1
PP_1285,,,,1
PP_1286,,,,1
PP_1287,,,,1
PP_1292,,,,0
PP_1293,,,,0
PP_1288,,,,1
PP_1294,,,,0
PP_1298,,,,1
PP_1295,,,,0
PP_1311,,,,0
PP_1297,,,,1
PP_1300,,,,1
PP_1299,,,,1
PP_1308,,,,1
PP_1315,,,,0
PP_1323,,,,0
PP_1318,,,,1
PP_1317,,,,1
PP_1316,,,,0
PP_1319,,,,1
PP_1332,,,,0
PP_1326,,,,1
PP_1329,,,,1
PP_1331,,,,1
PP_1334,,,,0
PP_1333,,,,0
PP_1335,,,,0
PP_1336,,,,0
PP_1337,,,,0
PP_1343,,,,0
PP_1339,,,,1
PP_1345,,,,0
PP_1338,,,,1
PP_1351,,,,1
PP_1346,,,,1
PP_1355,,,,1
PP_1367,,,,1
PP_1361,,,,0
PP_1360,,,,0
PP_1362,,,,1
PP_1377,,,,1
PP_1373,,,,1
PP_1376,,,,1
PP_1378,,,,1
PP_1379,,,,1
PP_1380,,,,1
PP_1381,,,,1
PP_1382,,,,1
PP_1383,,,,1
PP_1384,,,,1
PP_1394,,,,1
PP_1385,,,,1
PP_1386,,,,1
PP_1400,,,,1
PP_1403,,,,1
PP_1407,,,,1
PP_1408,,,,1
PP_1409,,,,0
PP_1412,,,,1
PP_1414,,,,1
PP_1416,,,,1
PP_1417,,,,1
PP_1433,,,,0
PP_1418,,,,1
PP_1419,,,,1
PP_1426,,,,0
PP_1434,,,,0
PP_1444,,,,1
PP_1457,,,,1
PP_1445,,,,1
PP_1436,,,,0
PP_1461,,,,0
PP_1463,,,,0
PP_1464,,,,0
PP_1465,,,,0
PP_1462,,,,0
PP_1469,,,,1
PP_1478,,,,1
PP_1481,,,,1
PP_1470,,,,1
PP_1471,,,,1
PP_1484,,,,1
PP_1494,,,,1
PP_1495,,,,0
PP_1496,,,,0
PP_1505,,,,1
PP_1506,,,,1
PP_1520,,,,1
PP_1524,,,,0
PP_1525,,,,0
PP_1528,,,,1
PP_1588,,,,1
PP_1529,,,,1
PP_1587,,,,1
PP_1590,,,,0
PP_1593,,,,1
PP_1595,,,,0
PP_1592,,,,0
PP_1596,,,,0
PP_1594,,,,0
PP_1591,,,,0
PP_1601,,,,0
PP_1597,,,,0
PP_1603,,,,0
PP_1602,,,,0
PP_1604,,,,0
PP_1607,,,,0
PP_1614,,,,0
PP_1618,,,,0
PP_1611,,,,1
PP_1610,,,,0
PP_1612,,,,0
PP_1617,,,,1
PP_1616,,,,1
PP_1625,,,,0
PP_1620,,,,1
PP_1628,,,,1
PP_1636,,,,0
PP_1638,,,,0
PP_1645,,,,1
PP_1641,,,,0
PP_1656,,,,1
PP_1655,,,,0
PP_1649,,,,1
PP_1654,,,,1
PP_1672,,,,0
PP_1657,,,,1
PP_1673,,,,0
PP_1664,,,,1
PP_1674,,,,0
PP_1665,,,,0
PP_1678,,,,0
PP_1679,,,,0
PP_1675,,,,0
PP_1676,,,,0
PP_1680,,,,0
PP_1677,,,,0
PP_1681,,,,0
PP_1686,,,,1
PP_1689,,,,1
PP_1700,,,,1
PP_1703,,,,1
PP_1705,,,,1
PP_1710,,,,1
PP_1706,,,,1
PP_1722,,,,1
PP_1735,,,,1
PP_1741,,,,1
PP_1743,,,,1
PP_1755,,,,1
PP_1750,,,,1
PP_1765,,,,0
PP_1764,,,,1
PP_1761,,,,1
PP_1766,,,,1
PP_1768,,,,0
PP_1771,,,,1
PP_1777,,,,1
PP_1772,,,,0
PP_1776,,,,1
PP_1782,,,,1
PP_1779,,,,1
PP_1778,,,,1
PP_1783,,,,1
PP_1784,,,,1
PP_1785,,,,1
PP_1799,,,,1
PP_1803,,,,0
PP_1804,,,,0
PP_1805,,,,0
PP_1801,,,,1
PP_1800,,,,1
PP_1802,,,,1
PP_1806,,,,1
PP_1807,,,,1
PP_1811,,,,1
PP_1808,,,,1
PP_1842,,,,1
PP_1815,,,,0
PP_1823,,,,1
PP_1830,,,,0
PP_1844,,,,1
PP_1843,,,,1
PP_1872,,,,1
PP_1866,,,,1
PP_1867,,,,1
PP_1874,,,,1
PP_1902,,,,0
PP_1900,,,,0
PP_1893,,,,1
PP_1877,,,,1
PP_1905,,,,0
PP_1904,,,,1
PP_1913,,,,0
PP_1914,,,,0
PP_1912,,,,1
PP_1915,,,,0
PP_1917,,,,0
PP_1916,,,,1
PP_1924,,,,1
PP_1928,,,,1
PP_1943,,,,1
PP_1945,,,,1
PP_1948,,,,1
PP_1929,,,,1
PP_1969,,,,1
PP_1972,,,,1
PP_1977,,,,0
PP_1981,,,,1
PP_1996,,,,0
PP_1997,,,,0
PP_2012,,,,0
PP_2000,,,,0
PP_2001,,,,1
PP_2008,,,,1
PP_2039,,,,1
PP_2017,,,,1
PP_2047,,,,1
PP_2049,,,,1
PP_2048,,,,1
PP_2051,,,,1
PP_2057,,,,1
PP_2056,,,,1
PP_2077,,,,1
PP_2058,,,,1
PP_2080,,,,1
PP_2082,,,,1
PP_2090,,,,1
PP_2092,,,,1
PP_2096,,,,0
PP_2095,,,,0
PP_2102,,,,1
PP_2098,,,,1
PP_2106,,,,1
PP_2113,,,,0
PP_2112,,,,1
PP_2123,,,,0
PP_2117,,,,0
PP_2122,,,,1
PP_2125,,,,1
PP_2130,,,,1
PP_2148,,,,0
PP_2136,,,,1
PP_2137,,,,1
PP_2145,,,,1
PP_2149,,,,1
PP_2160,,,,0
PP_2151,,,,1
PP_2152,,,,1
PP_2178,,,,1
PP_2168,,,,1
PP_2169,,,,1
PP_2179,,,,1
PP_2183,,,,1
PP_2184,,,,1
PP_2180,,,,1
PP_2186,,,,1
PP_2185,,,,1
PP_2196,,,,1
PP_2193,,,,1
PP_2208,,,,1
PP_2209,,,,1
PP_2205,,,,1
PP_2213,,,,1
PP_2214,,,,1
PP_2215,,,,1
PP_2216,,,,1
PP_2217,,,,1
PP_2225,,,,1
PP_2226,,,,1
PP_2227,,,,1
PP_2239,,,,1
PP_2228,,,,1
PP_2229,,,,1
PP_2246,,,,1
PP_2230,,,,1
PP_2242,,,,1
PP_2255,,,,1
PP_2265,,,,1
PP_2315,,,,0
PP_2299,,,,0
PP_2329,,,,0
PP_2318,,,,1
PP_2325,,,,1
PP_2324,,,,1
PP_2336,,,,1
PP_2335,,,,1
PP_2334,,,,1
PP_2338,,,,1
PP_2341,,,,0
PP_2339,,,,1
PP_2368,,,,1
PP_2351,,,,1
PP_2376,,,,1
PP_2375,,,,1
PP_2406,,,,1
PP_2407,,,,1
PP_2408,,,,1
PP_2416,,,,1
PP_2409,,,,1
PP_2410,,,,1
PP_2417,,,,1
PP_2418,,,,1
PP_2423,,,,1
PP_2426,,,,1
PP_2428,,,,1
PP_2432,,,,1
PP_2435,,,,0
PP_2439,,,,1
PP_2437,,,,1
PP_2440,,,,1
PP_2443,,,,1
PP_2448,,,,1
PP_2453,,,,1
PP_2454,,,,1
PP_2455,,,,1
PP_2456,,,,1
PP_2460,,,,1
PP_2459,,,,1
PP_2458,,,,1
PP_2468,,,,0
PP_2465,,,,0
PP_2476,,,,1
PP_2469,,,,0
PP_2470,,,,0
PP_2482,,,,1
PP_2486,,,,1
PP_2489,,,,1
PP_2488,,,,1
PP_2490,,,,1
PP_2492,,,,1
PP_2504,,,,1
PP_2514,,,,1
PP_2512,,,,1
PP_2515,,,,1
PP_2513,,,,1
PP_2517,,,,1
PP_2518,,,,1
PP_2528,,,,1
PP_2554,,,,1
PP_2552,,,,1
PP_2543,,,,1
PP_2545,,,,1
PP_2553,,,,1
PP_2582,,,,1
PP_2556,,,,1
PP_2586,,,,1
PP_2591,,,,1
PP_2590,,,,1
PP_2589,,,,1
PP_2593,,,,1
PP_2592,,,,1
PP_2594,,,,1
PP_2635,,,,1
PP_2637,,,,1
PP_2636,,,,1
PP_2638,,,,1
PP_2645,,,,1
PP_2656,,,,1
PP_2647,,,,1
PP_2657,,,,1
PP_2658,,,,1
PP_2659,,,,1
PP_2668,,,,1
PP_2667,,,,1
PP_2669,,,,1
PP_2673,,,,1
PP_2674,,,,1
PP_2675,,,,1
PP_2676,,,,1
PP_2679,,,,1
PP_2680,,,,1
PP_2694,,,,1
PP_2703,,,,1
PP_2716,,,,1
PP_2698,,,,1
PP_2717,,,,1
PP_2764,,,,1
PP_2734,,,,1
PP_2765,,,,1
PP_2774,,,,1
PP_2791,,,,1
PP_2775,,,,1
PP_2793,,,,1
PP_2792,,,,1
PP_2794,,,,1
PP_2795,,,,1
PP_2796,,,,1
PP_2800,,,,1
PP_2797,,,,1
PP_2805,,,,1
PP_2801,,,,1
PP_2802,,,,1
PP_2834,,,,1
PP_2842,,,,1
PP_2843,,,,1
PP_2844,,,,1
PP_2845,,,,1
PP_2846,,,,1
PP_2847,,,,1
PP_2848,,,,1
PP_2862,,,,0
PP_2849,,,,1
PP_2902,,,,0
PP_2872,,,,1
PP_2887,,,,1
PP_2904,,,,0
PP_2905,,,,0
PP_2910,,,,1
PP_2909,,,,1
PP_2911,,,,1
PP_2916,,,,1
PP_2913,,,,1
PP_2914,,,,1
PP_2918,,,,1
PP_2925,,,,1
PP_2928,,,,1
PP_2929,,,,1
PP_2933,,,,1
PP_2943,,,,1
PP_2958,,,,1
PP_2998,,,,1
PP_2955,,,,1
PP_3002,,,,1
PP_2973,,,,1
PP_3071,,,,1
PP_3003,,,,1
PP_3073,,,,1
PP_3074,,,,1
PP_3099,,,,1
PP_3122,,,,1
PP_3080,,,,1
PP_3124,,,,1
PP_3123,,,,1
PP_3129,,,,1
PP_3136,,,,1
PP_3144,,,,1
PP_3146,,,,1
PP_3151,,,,1
PP_3147,,,,1
PP_3148,,,,1
PP_3161,,,,1
PP_3163,,,,1
PP_3162,,,,1
PP_3164,,,,1
PP_3166,,,,1
PP_3165,,,,1
PP_3168,,,,1
PP_3173,,,,1
PP_3178,,,,1
PP_3187,,,,1
PP_3189,,,,1
PP_3190,,,,1
PP_3253,,,,1
PP_3219,,,,1
PP_3198,,,,0
PP_3254,,,,0
PP_3270,,,,1
PP_3264,,,,1
PP_3272,,,,1
PP_3271,,,,1
PP_3276,,,,1
PP_3274,,,,1
PP_3277,,,,1
PP_3278,,,,1
PP_3280,,,,1
PP_3283,,,,1
PP_3282,,,,1
PP_3279,,,,1
PP_3285,,,,1
PP_3284,,,,1
PP_3311,,,,1
PP_3303,,,,1
PP_3322,,,,1
PP_3320,,,,1
PP_3324,,,,1
PP_3344,,,,1
PP_3342,,,,1
PP_3343,,,,1
PP_3345,,,,1
PP_3346,,,,1
PP_3357,,,,0
PP_3358,,,,1
PP_3365,,,,1
PP_3356,,,,1
PP_3376,,,,1
PP_3382,,,,1
PP_3377,,,,1
PP_3378,,,,1
PP_3383,,,,1
PP_3410,,,,0
PP_3384,,,,1
PP_3416,,,,1
PP_3417,,,,1
PP_3425,,,,1
PP_3426,,,,1
PP_3433,,,,1
PP_3427,,,,1
PP_3435,,,,1
PP_3443,,,,1
PP_3457,,,,0
PP_3446,,,,1
PP_3459,,,,1
PP_3460,,,,1
PP_3507,,,,0
PP_3461,,,,1
PP_3491,,,,1
PP_3511,,,,1
PP_3466,,,,1
PP_3514,,,,1
PP_3515,,,,1
PP_3530,,,,1
PP_3533,,,,1
PP_3537,,,,1
PP_3535,,,,1
PP_3540,,,,1
PP_3553,,,,1
PP_3570,,,,1
PP_3561,,,,1
PP_3578,,,,1
PP_3569,,,,1
PP_3581,,,,1
PP_3588,,,,1
PP_3590,,,,1
PP_3589,,,,1
PP_3591,,,,1
PP_3593,,,,1
PP_3594,,,,1
PP_3595,,,,1
PP_3596,,,,1
PP_3597,,,,1
PP_3598,,,,1
PP_3599,,,,1
PP_3600,,,,1
PP_3602,,,,1
PP_3601,,,,1
PP_3633,,,,1
PP_3606,,,,1
PP_3630,,,,1
PP_3635,,,,1
PP_3637,,,,1
PP_3636,,,,1
PP_3664,,,,1
PP_3648,,,,1
PP_3658,,,,1
PP_3667,,,,1
PP_3666,,,,1
PP_3720,,,,1
PP_3713,,,,1
PP_3668,,,,1
PP_3714,,,,1
PP_3715,,,,1
PP_3721,,,,1
PP_3722,,,,1
PP_3723,,,,1
PP_3727,,,,1
PP_3736,,,,1
PP_3737,,,,1
PP_3739,,,,1
PP_3745,,,,1
PP_3741,,,,1
PP_3740,,,,1
PP_3746,,,,1
PP_3747,,,,1
PP_3751,,,,1
PP_3763,,,,0
PP_3755,,,,1
PP_3754,,,,1
PP_3766,,,,1
PP_3768,,,,1
PP_3778,,,,1
PP_3790,,,,1
PP_3796,,,,0
PP_3794,,,,1
PP_3801,,,,0
PP_3813,,,,1
PP_3814,,,,1
PP_3802,,,,0
PP_3803,,,,0
PP_3815,,,,1
PP_3816,,,,1
PP_3821,,,,0
PP_3817,,,,1
PP_3819,,,,1
PP_3830,,,,0
PP_3839,,,,1
PP_3828,,,,1
PP_3829,,,,1
PP_3844,,,,1
PP_3846,,,,1
PP_3939,,,,1
PP_3931,,,,1
PP_3940,,,,1
PP_3941,,,,1
PP_3942,,,,1
PP_3944,,,,1
PP_3947,,,,1
PP_3943,,,,1
PP_3945,,,,1
PP_3948,,,,1
PP_3951,,,,1
PP_3952,,,,1
PP_3957,,,,1
PP_3953,,,,1
PP_3958,,,,1
PP_3989,,,,1
PP_3970,,,,1
PP_3959,,,,1
PP_3992,,,,1
PP_4000,,,,0
PP_4007,,,,0
PP_4012,,,,1
PP_4011,,,,1
PP_4020,,,,1
PP_4029,,,,1
PP_4016,,,,0
PP_4034,,,,1
PP_4031,,,,1
PP_4035,,,,1
PP_4036,,,,1
PP_4037,,,,1
PP_4050,,,,1
PP_4042,,,,1
PP_4043,,,,1
PP_4051,,,,1
PP_4053,,,,1
PP_4052,,,,1
PP_4058,,,,1
PP_4055,,,,1
PP_4060,,,,1
PP_4059,,,,1
PP_4064,,,,1
PP_4063,,,,1
PP_4065,,,,1
PP_4097,,,,0
PP_4067,,,,1
PP_4066,,,,1
PP_4103,,,,1
PP_4106,,,,1
PP_4108,,,,1
PP_4116,,,,1
PP_4120,,,,1
PP_4119,,,,1
PP_4121,,,,1
PP_4124,,,,1
PP_4122,,,,1
PP_4123,,,,1
PP_4125,,,,1
PP_4126,,,,1
PP_4127,,,,1
PP_4128,,,,1
PP_4129,,,,1
PP_4130,,,,1
PP_4131,,,,1
PP_4138,,,,1
PP_4144,,,,1
PP_4140,,,,1
PP_4147,,,,1
PP_4148,,,,1
PP_4149,,,,1
PP_4150,,,,1
PP_4160,,,,1
PP_4159,,,,1
PP_4169,,,,1
PP_4175,,,,0
PP_4161,,,,1
PP_4174,,,,1
PP_4185,,,,1
PP_4186,,,,1
PP_4184,,,,1
PP_4187,,,,1
PP_4188,,,,1
PP_4189,,,,1
PP_4191,,,,1
PP_4193,,,,1
PP_4192,,,,1
PP_4190,,,,1
PP_4194,,,,1
PP_4201,,,,1
PP_4202,,,,1
PP_4209,,,,0
PP_4211,,,,0
PP_4210,,,,0
PP_4203,,,,1
PP_4214,,,,0
PP_4212,,,,0
PP_4213,,,,0
PP_4215,,,,0
PP_4216,,,,0
PP_4222,,,,0
PP_4219,,,,0
PP_4221,,,,0
PP_4220,,,,0
PP_4217,,,,1
PP_4223,,,,1
PP_4243,,,,0
PP_4237,,,,1
PP_4235,,,,1
PP_4250,,,,1
PP_4251,,,,1
PP_4252,,,,1
PP_4253,,,,1
PP_4255,,,,1
PP_4256,,,,1
PP_4257,,,,1
PP_4278,,,,1
PP_4258,,,,1
PP_4266,,,,1
PP_4264,,,,1
PP_4279,,,,1
PP_4281,,,,1
PP_4285,,,,1
PP_4284,,,,1
PP_4282,,,,1
PP_4286,,,,1
PP_4287,,,,1
PP_4291,,,,1
PP_4290,,,,1
PP_4288,,,,1
PP_4293,,,,1
PP_4297,,,,1
PP_4298,,,,1
PP_4299,,,,1
PP_4300,,,,1
PP_4301,,,,1
PP_4302,,,,1
PP_4305,,,,1
PP_4309,,,,1
PP_4310,,,,1
PP_4325,,,,1
PP_4326,,,,1
PP_4379,,,,1
PP_4346,,,,1
PP_4327,,,,1
PP_4401,,,,1
PP_4399,,,,1
PP_4404,,,,1
PP_4402,,,,1
PP_4403,,,,1
PP_4405,,,,1
PP_4421,,,,1
PP_4422,,,,1
PP_4423,,,,1
PP_4425,,,,1
PP_4426,,,,1
PP_4427,,,,1
PP_4430,,,,1
PP_4428,,,,1
PP_4431,,,,1
PP_4432,,,,1
PP_4434,,,,1
PP_4469,,,,1
PP_4473,,,,0
PP_4471,,,,1
PP_4474,,,,0
PP_4477,,,,1
PP_4475,,,,1
PP_4479,,,,1
PP_4478,,,,1
PP_4480,,,,1
PP_4483,,,,1
PP_4484,,,,1
PP_4485,,,,1
PP_4486,,,,1
PP_4490,,,,1
PP_4487,,,,1
PP_4492,,,,1
PP_4491,,,,1
PP_4495,,,,1
PP_4507,,,,1
PP_4523,,,,1
PP_4524,,,,1
PP_4545,,,,1
PP_4547,,,,1
PP_4548,,,,1
PP_4552,,,,1
PP_4550,,,,1
PP_4549,,,,1
PP_4560,,,,1
PP_4570,,,,1
PP_4571,,,,1
PP_4585,,,,0
PP_4591,,,,1
PP_4597,,,,1
PP_4594,,,,1
PP_4600,,,,1
PP_4619,,,,1
PP_4613,,,,1
PP_4617,,,,1
PP_4620,,,,1
PP_4628,,,,0
PP_4621,,,,1
PP_4632,,,,1
PP_4635,,,,1
PP_4636,,,,1
PP_4646,,,,0
PP_4648,,,,0
PP_4643,,,,1
PP_4639,,,,1
PP_4650,,,,1
PP_4651,,,,1
PP_4653,,,,1
PP_4654,,,,0
PP_4655,,,,1
PP_4656,,,,1
PP_4659,,,,1
PP_4667,,,,1
PP_4666,,,,1
PP_4670,,,,1
PP_4679,,,,0
PP_4677,,,,1
PP_4680,,,,0
PP_4683,,,,1
PP_4686,,,,1
PP_4687,,,,1
PP_4698,,,,1
PP_4689,,,,1
PP_4688,,,,1
PP_4701,,,,1
PP_4702,,,,1
PP_4713,,,,0
PP_4709,,,,0
PP_4708,,,,0
PP_4712,,,,0
PP_5706,,,,0
PP_4717,,,,0
PP_4711,,,,0
PP_4716,,,,1
PP_4715,,,,1
PP_4722,,,,0
PP_4719,,,,0
PP_4725,,,,0
PP_4723,,,,1
PP_4726,,,,0
PP_4724,,,,1
PP_4728,,,,0
PP_4735,,,,1
PP_4727,,,,0
PP_4737,,,,1
PP_4736,,,,1
PP_4755,,,,1
PP_4762,,,,1
PP_4758,,,,1
PP_4757,,,,1
PP_4756,,,,1
PP_4784,,,,0
PP_4782,,,,0
PP_4779,,,,1
PP_4774,,,,1
PP_4783,,,,0
PP_4790,,,,1
PP_4801,,,,0
PP_4800,,,,0
PP_4794,,,,0
PP_4799,,,,1
PP_4807,,,,1
PP_4803,,,,1
PP_4805,,,,1
PP_4811,,,,1
PP_4810,,,,0
PP_4817,,,,1
PP_4826,,,,0
PP_4829,,,,0
PP_4827,,,,0
PP_4820,,,,1
PP_4828,,,,0
PP_4830,,,,0
PP_4832,,,,0
PP_4822,,,,0
PP_4823,,,,0
PP_4838,,,,1
PP_4846,,,,1
PP_4841,,,,1
PP_4840,,,,1
PP_4843,,,,1
PP_4845,,,,1
PP_4842,,,,1
PP_4854,,,,1
PP_4844,,,,1
PP_4862,,,,0
PP_4863,,,,1
PP_4864,,,,1
PP_4865,,,,1
PP_4866,,,,1
PP_4868,,,,1
PP_4869,,,,0
PP_4867,,,,1
PP_4876,,,,0
PP_4877,,,,0
PP_4874,,,,0
PP_4879,,,,0
PP_4881,,,,1
PP_4882,,,,1
PP_4900,,,,1
PP_4893,,,,1
PP_4889,,,,0
PP_4897,,,,1
PP_4895,,,,1
PP_4902,,,,0
PP_4908,,,,0
PP_4903,,,,1
PP_4907,,,,1
PP_4934,,,,0
PP_4928,,,,0
PP_4935,,,,0
PP_4936,,,,0
PP_4922,,,,0
PP_4919,,,,1
PP_4944,,,,0
PP_4943,,,,0
PP_4960,,,,1
PP_4946,,,,1
PP_4947,,,,1
PP_4963,,,,1
PP_4965,,,,0
PP_4964,,,,0
PP_4971,,,,1
PP_4967,,,,0
PP_4974,,,,1
PP_4976,,,,0
PP_4977,,,,0
PP_4983,,,,1
PP_4993,,,,0
PP_4985,,,,0
PP_4997,,,,1
PP_5011,,,,0
PP_4998,,,,0
PP_5003,,,,1
PP_4999,,,,0
PP_5005,,,,1
PP_5004,,,,1
PP_5013,,,,0
PP_5014,,,,1
PP_5016,,,,1
PP_5029,,,,1
PP_5018,,,,1
PP_5019,,,,0
PP_5015,,,,0
PP_5030,,,,1
PP_5031,,,,1
PP_5032,,,,1
PP_5033,,,,1
PP_5036,,,,1
PP_5040,,,,1
PP_5053,,,,0
PP_5041,,,,1
PP_5046,,,,0
PP_5054,,,,1
PP_5045,,,,0
PP_5056,,,,1
PP_5061,,,,1
PP_5063,,,,1
PP_5074,,,,0
PP_5069,,,,1
PP_5064,,,,1
PP_5066,,,,1
PP_5078,,,,0
PP_5075,,,,1
PP_5076,,,,1
PP_5084,,,,1
PP_5079,,,,0
PP_5085,,,,1
PP_5089,,,,0
PP_5095,,,,1
PP_5100,,,,1
PP_5104,,,,0
PP_5103,,,,0
PP_5107,,,,1
PP_5105,,,,0
PP_5111,,,,0
PP_5114,,,,0
PP_5127,,,,0
PP_5118,,,,1
PP_5123,,,,0
PP_5120,,,,1
PP_5132,,,,0
PP_5130,,,,1
PP_5136,,,,1
PP_5135,,,,1
PP_5141,,,,0
PP_5137,,,,1
PP_5139,,,,1
PP_5149,,,,1
PP_5150,,,,0
PP_5168,,,,1
PP_5169,,,,1
PP_5170,,,,1
PP_5171,,,,1
PP_5177,,,,1
PP_5178,,,,1
PP_5180,,,,1
PP_5179,,,,1
PP_5182,,,,1
PP_5181,,,,1
PP_5183,,,,1
PP_5184,,,,1
PP_5186,,,,1
PP_5194,,,,1
PP_5193,,,,1
PP_5192,,,,1
PP_5199,,,,0
PP_5195,,,,1
PP_5196,,,,1
PP_5197,,,,1
PP_5203,,,,1
PP_5214,,,,0
PP_5213,,,,1
PP_5216,,,,1
PP_5215,,,,0
PP_5217,,,,1
PP_5222,,,,1
PP_5227,,,,1
PP_5226,,,,1
PP_5246,,,,1
PP_5233,,,,1
PP_5228,,,,1
PP_5250,,,,1
PP_5257,,,,1
PP_5258,,,,1
PP_5256,,,,1
PP_5285,,,,0
PP_5278,,,,1
PP_5286,,,,1
PP_5288,,,,1
PP_5270,,,,1
PP_5273,,,,1
PP_5269,,,,1
PP_5291,,,,0
PP_5301,,,,0
PP_5296,,,,0
PP_5294,,,,1
PP_5298,,,,1
PP_5302,,,,1
PP_5307,,,,1
PP_5299,,,,1
PP_5306,,,,1
PP_5318,,,,0
PP_5308,,,,1
PP_5315,,,,1
PP_5314,,,,1
PP_5317,,,,1
PP_5327,,,,1
PP_5328,,,,1
PP_5326,,,,1
PP_5329,,,,1
PP_5338,,,,1
PP_5340,,,,1
PP_5346,,,,1
PP_5336,,,,0
PP_5341,,,,1
PP_5347,,,,1
PP_5351,,,,1
PP_5357,,,,1
PP_5365,,,,1
PP_5364,,,,1
PP_5366,,,,1
PP_5409,,,,0
PP_5380,,,,1
PP_5374,,,,1
PP_5371,,,,1
PP_5385,,,,1
PP_5411,,,,0
PP_5387,,,,1
PP_5386,,,,1
PP_5388,,,,1
PP_5412,,,,1
PP_5413,,,,1
PP_5415,,,,1
PP_5414,,,,1
PP_5416,,,,1
PP_5417,,,,1
PP_5419,,,,1
PP_5418,,,,1
PP_5420,,,,1
