,Gene Name,Model,Experiment,ME,Function
PP_0082,trpA,0.0,0.0,0.0,Metabolic:S_Phenylalanine_Tyrosine_Tryptophan_Biosynthesis
PP_0184,argH,0.0,0.0,0.0,Metabolic:S_Arginine_and_Proline_Metabolism
PP_0289,hisB,0.0,0.0,0.0,Metabolic:S_Histidine_Metabolism
PP_0290,hisH,0.0,0.0,0.0,Metabolic:S_Histidine_Metabolism
PP_0293,hisF,0.0,0.0,0.0,Metabolic:S_Histidine_Metabolism
PP_1025,leuA,0.0,0.0,0.0,Metabolic:S_Valine__Leucine__and_Isoleucine_Metabolism
PP_1088,argG,0.0,0.0,0.0,Metabolic:S_Arginine_and_Proline_Metabolism
PP_1303,cysD,0.0,0.0,0.0,Metabolic:S_Sulfur_Metabolism
PP_1304,cysNC,0.0,0.0,0.0,Metabolic:S_Sulfur_Metabolism
PP_1769,pheA,0.0,0.0,0.0,Metabolic:S_Phenylalanine_Tyrosine_Tryptophan_Biosynthesis
PP_1985,leuC,0.0,0.0,0.0,Metabolic:S_Valine__Leucine__and_Isoleucine_Metabolism
PP_1986,leuD,0.0,0.0,0.0,Metabolic:S_Valine__Leucine__and_Isoleucine_Metabolism
PP_1995,trpF,0.0,0.0,0.0,Metabolic:S_Phenylalanine_Tyrosine_Tryptophan_Biosynthesis
PP_2328,cysH,0.0,0.0,0.0,Metabolic:S_Sulfur_Metabolism
PP_2371,cysI,0.0,0.0,0.0,Metabolic:S_Sulfur_Metabolism
PP_4481,argD,0.0,0.0,0.0,Metabolic:S_Lysine_Metabolism
PP_5128,ilvD,0.0,0.0,0.0,Metabolic:S_Valine__Leucine__and_Isoleucine_Metabolism
PP_5289,argB,0.0,0.0,0.0,Metabolic:S_Urea_cycleamino_group_metabolism
PP_5335,purK,0.0,0.0,0.0,Metabolic:S_Purine_Metabolism
PP_1079,argF,0.0,0.0,0.0,Metabolic:S_Arginine_and_Proline_Metabolism
PP_1231,nadA,0.0,0.0,0.0,Metabolic:S_Cofactor_and_Prosthetic_Group_Biosynthesis__Nicotinamide_Biosynthesis
PP_1237,dapA,0.0,0.0,0.0,Metabolic:S_Lysine_Metabolism
PP_1770,tyrA,0.0,0.0,0.0,Metabolic:S_Phenylalanine_Tyrosine_Tryptophan_Biosynthesis
PP_1989,asd,0.0,0.0,0.0,Metabolic:S_Lysine_Metabolism
PP_5155,serA,0.0,0.0,0.0,Metabolic:S_Glycine__Serine_and_threonine_metabolism
PP_5185,argA,0.0,0.0,0.0,Metabolic:S_Urea_cycleamino_group_metabolism
PP_0083,trpB,0.0,0.0,0.0,Metabolic:S_Phenylalanine_Tyrosine_Tryptophan_Biosynthesis
PP_1988,leuB,0.0,0.0,0.0,Metabolic:S_Valine__Leucine__and_Isoleucine_Metabolism
PP_4678,ilvC,0.0,0.0,0.0,Metabolic:S_Valine__Leucine__and_Isoleucine_Metabolism
PP_0417,trpE,0.0,0.0,0.0,Metabolic:S_Phenylalanine_Tyrosine_Tryptophan_Biosynthesis
PP_0420,trpG,0.0,0.0,0.0,Metabolic:S_Phenylalanine_Tyrosine_Tryptophan_Biosynthesis
PP_0421,trpD,0.0,0.0,0.0,Metabolic:S_Phenylalanine_Tyrosine_Tryptophan_Biosynthesis
PP_0422,trpC,0.0,0.0,0.0,Metabolic:S_Phenylalanine_Tyrosine_Tryptophan_Biosynthesis
PP_0362,bioB,0.0,0.0,0.0,Metabolic:S_Cofactor_and_Prosthetic_Group_Biosynthesis__Biotin_Biosynthesis
PP_0363,bioF,0.0,0.0,0.0,Metabolic:S_Cofactor_and_Prosthetic_Group_Biosynthesis__Biotin_Biosynthesis
PP_1010,edd,1.0,0.0,1.0,Metabolic:S_Glycolysis
PP_1024,eda,1.0,0.0,1.0,Metabolic:S_Glycolysis
PP_4890,hisZ,0.0,0.0,0.0,Metabolic:S_Histidine_Metabolism
PP_4984,bioA,0.0,0.0,0.0,Metabolic:S_Cofactor_and_Prosthetic_Group_Biosynthesis__Biotin_Biosynthesis
PP_5097,metX,0.0,0.0,0.0,Metabolic:S_Methionine_Metabolism
PP_3999,cobA2,0.0,0.0,0.0,Metabolic:S_Cofactor_and_Prosthetic_Group_Biosynthesis__Porphyrin_and_Chlorophyll_Metabolism
PP_4909,serB,0.0,0.0,0.0,Metabolic:S_Glycine__Serine_and_threonine_metabolism
PP_0364,bioH,0.0,0.0,0.0,Metabolic:S_Cofactor_and_Prosthetic_Group_Biosynthesis__Biotin_Biosynthesis
PP_5098,metW,0.0,0.0,0.0,Metabolic:S_Methionine_Metabolism
PP_0515,ribE,1.0,1.0,1.0,Metabolic:S_Cofactor_and_Prosthetic_Group_Biosynthesis__Riboflavin_Metabolism
PP_0614,amaB,1.0,1.0,1.0,Metabolic:S_Alternate_Carbon_and_Nitrogen_source__Nucleotide_Metabolism
PP_0840,cysE,1.0,1.0,1.0,Metabolic:S_Cysteine_Metabolism
PP_4038,pydA,1.0,1.0,1.0,Metabolic:S_Alternate_Carbon_and_Nitrogen_source__Nucleotide_Metabolism
PP_0787,nadC,0.0,1.0,0.0,Metabolic:S_Cofactor_and_Prosthetic_Group_Biosynthesis__Nicotinamide_Biosynthesis
PP_1530,dapD,0.0,1.0,0.0,Metabolic:S_Lysine_Metabolism
PP_4699,panB,0.0,1.0,0.0,Metabolic:S_Cofactor_and_Prosthetic_Group_Biosynthesis__Pantothenate_and_CoA_Biosynthesis
PP_4700,panC,0.0,1.0,0.0,Metabolic:S_Cofactor_and_Prosthetic_Group_Biosynthesis__Pantothenate_and_CoA_Biosynthesis
PP_0365,bioC,0.0,1.0,0.0,Metabolic:S_Cofactor_and_Prosthetic_Group_Biosynthesis__Biotin_Biosynthesis
PP_0121,thrB,1.0,0.0,1.0,Metabolic:S_Glycine__Serine_and_threonine_metabolism
PP_0008,,,,0.0,Transcription
PP_0037,,,,1.0,Metabolic:S_Transport__Outer_Membrane
PP_0045,,,,1.0,Metabolic:S_Heavy_Metal_Tolerance
PP_0003,,,,0.0,Translation
PP_0026,,,,1.0,Metabolic:S_Heavy_Metal_Tolerance
PP_0058,,,,1.0,Metabolic:S_Glycerophospholipid_Metabolism
PP_0043,,,,1.0,Metabolic:S_Heavy_Metal_Tolerance
PP_0041,,,,1.0,Metabolic:S_Heavy_Metal_Tolerance
PP_0059,,,,0.0,Metabolic:S_Cell_Envelope_Biosynthesis__Biosynthesis_of_L_glycero_D_manno_heptose__Hep_
PP_0044,,,,1.0,Metabolic:S_Heavy_Metal_Tolerance
PP_0060,,,,0.0,Metabolic:S_tRNA_Charging
PP_0061,,,,0.0,Metabolic:S_tRNA_Charging
PP_0067,,,,0.0,Translation
PP_0065,,,,1.0,Metabolic:S_Transport__Inner_Membrane
PP_0066,,,,0.0,Translation
PP_0063,,,,1.0,Metabolic:S_Cell_Envelope_Biosynthesis__Lipid_A_Biosynthesis
PP_0068,,,,0.0,Translation
PP_0072,,,,1.0,Metabolic:Unassigned
PP_0073,,,,1.0,Metabolic:S_Cofactor_and_Prosthetic_Group_Biosynthesis__Porphyrin_and_Chlorophyll_Metabolism
PP_0070,,,,0.0,tRNA-Charging
PP_0074,,,,1.0,Metabolic:S_Phenylalanine_Tyrosine_Tryptophan_Biosynthesis
PP_0075,,,,1.0,Metabolic:S_Transport__ABC_system
PP_0076,,,,1.0,Metabolic:S_Transport__ABC_system
PP_0100,,,,1.0,Metabolic:Unassigned
PP_0077,,,,1.0,Metabolic:S_Alternate_Carbon_and_Nitrogen_source__Amines_and_Polyamines_Metabolism
PP_0104,,,,1.0,Metabolic:S_Oxidative_Phosphorylation
PP_0105,,,,1.0,Metabolic:S_Oxidative_Phosphorylation
PP_0103,,,,1.0,Metabolic:S_Oxidative_Phosphorylation
PP_0106,,,,1.0,Metabolic:S_Oxidative_Phosphorylation
PP_0110,,,,1.0,Metabolic:S_Cofactor_and_Prosthetic_Group_Biosynthesis__Porphyrin_and_Chlorophyll_Metabolism
PP_0112,,,,1.0,Metabolic:S_Transport__Inner_Membrane
PP_0115,,,,1.0,Metabolic: No subsystem
PP_0113,,,,1.0,Metabolic:S_Transport__Inner_Membrane
PP_0114,,,,1.0,Metabolic:S_Transport__Inner_Membrane
PP_0117,,,,1.0,Metabolic:S_Transport__ABC_system
PP_0118,,,,1.0,Metabolic:S_Transport__ABC_system
PP_0120,,,,1.0,Metabolic:S_Transport__ABC_system
PP_0127,,,,1.0,Metabolic:Unassigned
PP_0129,,,,1.0,Metabolic:S_Purine_Metabolism
PP_0145,,,,1.0,Metabolic:S_Transport__Inner_Membrane
PP_0137,,,,1.0,Metabolic:S_Transport__Inner_Membrane
PP_0154,,,,1.0,Metabolic:S_Alternate_Carbon
PP_0147,,,,1.0,Metabolic:S_Transport__Inner_Membrane
PP_0156,,,,1.0,Metabolic:S_Oxidative_Phosphorylation
PP_0158,,,,1.0,Metabolic:S_Lysine_Metabolism
PP_0155,,,,1.0,Metabolic:S_Oxidative_Phosphorylation
PP_0165,,,,1.0,Metabolic:S_Purine_Metabolism
PP_0160,,,,1.0,Metabolic:S_Iron_uptake_and_metabolism
PP_0169,,,,1.0,Metabolic:S_Sulfur_Metabolism
PP_0186,,,,0.0,Metabolic:S_Cofactor_and_Prosthetic_Group_Biosynthesis__Porphyrin_and_Chlorophyll_Metabolism
PP_0187,,,,0.0,Metabolic:S_Cofactor_and_Prosthetic_Group_Biosynthesis__Porphyrin_and_Chlorophyll_Metabolism
PP_0189,,,,0.0,Metabolic:S_Cofactor_and_Prosthetic_Group_Biosynthesis__Porphyrin_and_Chlorophyll_Metabolism
PP_0188,,,,1.0,Metabolic:S_Cofactor_and_Prosthetic_Group_Biosynthesis__Porphyrin_and_Chlorophyll_Metabolism
PP_0203,,,,1.0,Metabolic:S_Alternate_Carbon_and_Nitrogen_source__Amines_and_Polyamines_Metabolism
PP_0190,,,,1.0,Metabolic:Unassigned
PP_0213,,,,1.0,Metabolic:S_Lysine_Metabolism
PP_0205,,,,0.0,Translation
PP_0207,,,,1.0,Metabolic:S_Transport__ABC_system
PP_0208,,,,1.0,Metabolic:S_Transport__ABC_system
PP_0209,,,,1.0,Metabolic:S_Transport__ABC_system
PP_0214,,,,1.0,Metabolic:S_Lysine_Metabolism
PP_0217,,,,1.0,Metabolic:S_Fatty_Acid__Biosynthesis
PP_0219,,,,1.0,Metabolic:S_Transport__Inner_Membrane
PP_0220,,,,1.0,Metabolic:S_Transport__Inner_Membrane
PP_0221,,,,1.0,Metabolic:S_Transport__Inner_Membrane
PP_0225,,,,1.0,Metabolic:S_Transport__ABC_system
PP_0226,,,,1.0,Metabolic:S_Transport__ABC_system
PP_0227,,,,1.0,Metabolic:S_Transport__ABC_system
PP_0228,,,,1.0,Metabolic:S_Cysteine_Metabolism
PP_0229,,,,1.0,Metabolic:S_Transport__Inner_Membrane
PP_0230,,,,1.0,Metabolic:S_Sulfur_Metabolism
PP_0231,,,,1.0,Metabolic:S_Transport__ABC_system
PP_0233,,,,1.0,Metabolic:S_Transport__ABC_system
PP_0232,,,,1.0,Metabolic:S_Transport__ABC_system
PP_0238,,,,1.0,Metabolic:S_Sulfur_Metabolism
PP_0234,,,,1.0,Metabolic:S_Transport__Outer_Membrane
PP_0237,,,,1.0,Metabolic:S_Transport__ABC_system
PP_0239,,,,1.0,Metabolic:S_Transport__ABC_system
PP_0236,,,,1.0,Metabolic:S_Iron_uptake_and_metabolism
PP_0240,,,,1.0,Metabolic:S_Transport__ABC_system
PP_0243,,,,1.0,Metabolic:S_Glutamate_Metabolism
PP_0260,,,,1.0,Metabolic:S_Purine_Metabolism
PP_0261,,,,1.0,Metabolic:S_Sulfur_Metabolism
PP_0265,,,,1.0,Metabolic:S_Alginate_biosynthesis
PP_0280,,,,1.0,Metabolic:S_Transport__ABC_system
PP_0266,,,,1.0,Metabolic:S_Arginine_and_Proline_Metabolism
PP_0281,,,,1.0,Metabolic:S_Transport__ABC_system
PP_0282,,,,1.0,Metabolic:S_Transport__ABC_system
PP_0283,,,,1.0,Metabolic:S_Transport__ABC_system
PP_0284,,,,1.0,Metabolic:S_Transport__Inner_Membrane
PP_0292,,,,1.0,Metabolic:S_Histidine_Metabolism
PP_0297,,,,1.0,Metabolic:S_Glycine__Serine_and_threonine_metabolism
PP_0295,,,,1.0,Metabolic:S_Transport__ABC_system
PP_0294,,,,1.0,Metabolic:S_Transport__ABC_system
PP_0296,,,,1.0,Metabolic:S_Transport__ABC_system
PP_0301,,,,1.0,Metabolic:S_Alternate_Carbon_and_Nitrogen_source__Amines_and_Polyamines_Metabolism
PP_0302,,,,1.0,Metabolic:S_Alternate_Carbon_and_Nitrogen_source__Amines_and_Polyamines_Metabolism
PP_0303,,,,1.0,Metabolic:S_Alternate_Carbon_and_Nitrogen_source__Amines_and_Polyamines_Metabolism
PP_0310,,,,1.0,Metabolic:S_Alternate_Carbon_and_Nitrogen_source__Amines_and_Polyamines_Metabolism
PP_0304,,,,1.0,Metabolic:S_Transport__ABC_system
PP_0321,,,,0.0,Metabolic:S_Glycine__Serine_and_threonine_metabolism
PP_0311,,,,1.0,Metabolic:S_Alternate_Carbon_and_Nitrogen_source__Amines_and_Polyamines_Metabolism
PP_0315,,,,1.0,Metabolic:S_Alternate_Carbon_and_Nitrogen_source__Amines_and_Polyamines_Metabolism
PP_0316,,,,1.0,Metabolic:S_Alternate_Carbon_and_Nitrogen_source__Amines_and_Polyamines_Metabolism
PP_0322,,,,1.0,Metabolic:S_Cofactor_and_Prosthetic_Group_Biosynthesis__One_Carbon_pool_by_folate
PP_0323,,,,1.0,Metabolic:S_Alternate_Carbon_and_Nitrogen_source__Amines_and_Polyamines_Metabolism
PP_0324,,,,1.0,Metabolic:S_Alternate_Carbon_and_Nitrogen_source__Amines_and_Polyamines_Metabolism
PP_0341,,,,0.0,Metabolic:S_Cell_Envelope_Biosynthesis__Lipid_A_Biosynthesis
PP_0327,,,,1.0,Metabolic:S_Cofactor_and_Prosthetic_Group_Biosynthesis__One_Carbon_pool_by_folate
PP_0326,,,,1.0,Metabolic:S_Alternate_Carbon_and_Nitrogen_source__Amines_and_Polyamines_Metabolism
PP_0325,,,,1.0,Metabolic:S_Alternate_Carbon_and_Nitrogen_source__Amines_and_Polyamines_Metabolism
PP_0328,,,,1.0,Metabolic:S_Formaldehyde_Metabolism
PP_0342,,,,0.0,Metabolic:S_Cell_Envelope_Biosynthesis__Lipid_A_Biosynthesis
PP_0336,,,,1.0,Metabolic:Unassigned
PP_0343,,,,0.0,Metabolic:S_Cell_Envelope_Biosynthesis__LPS_Biosynthesis
PP_0338,,,,1.0,Metabolic:S_Gluconeogenesis
PP_0339,,,,1.0,Metabolic:S_Gluconeogenesis
PP_0344,,,,0.0,Metabolic:S_Cell_Envelope_Biosynthesis__LPS_Biosynthesis
PP_0346,,,,1.0,Metabolic:S_Cell_Envelope_Biosynthesis__LPS_Biosynthesis
PP_0345,,,,1.0,Metabolic:S_Cell_Envelope_Biosynthesis__LPS_Biosynthesis
PP_0350,,,,1.0,Metabolic:S_Iron_uptake_and_metabolism
PP_0356,,,,1.0,Metabolic:S_TCA_Cycle
PP_0366,,,,0.0,Metabolic:S_Cofactor_and_Prosthetic_Group_Biosynthesis__Biotin_Biosynthesis
PP_0368,,,,1.0,Metabolic:S_Fatty_Acid_Metabolism
PP_0376,,,,0.0,Metabolic:S_Cofactor_and_Prosthetic_Group_Biosynthesis___Pyrroloquinoline_quinone_biosynthesis
PP_0380,,,,0.0,Metabolic:S_Cofactor_and_Prosthetic_Group_Biosynthesis___Pyrroloquinoline_quinone_biosynthesis
PP_0387,,,,0.0,Transcription
PP_0381,,,,0.0,Metabolic:S_Cofactor_and_Prosthetic_Group_Biosynthesis___Pyrroloquinoline_quinone_biosynthesis
PP_0378,,,,0.0,Metabolic:S_Cofactor_and_Prosthetic_Group_Biosynthesis___Pyrroloquinoline_quinone_biosynthesis
PP_0382,,,,1.0,Metabolic:S_Lysine_Metabolism
PP_0392,,,,0.0,Metabolic:S_Cofactor_and_Prosthetic_Group_Biosynthesis__Folate_Biosynthesis
PP_0383,,,,1.0,Metabolic:S_Lysine_Metabolism
PP_0389,,,,0.0,Translation
PP_0391,,,,1.0,Metabolic:S_Glycerophospholipid_Metabolism
PP_0393,,,,1.0,Metabolic:S_Cofactor_and_Prosthetic_Group_Biosynthesis__Folate_Biosynthesis
PP_0398,,,,1.0,Metabolic:S_Sulfur_Metabolism
PP_0399,,,,1.0,Metabolic:S_Purine_Metabolism
PP_0401,,,,0.0,Translation
PP_0411,,,,1.0,Metabolic:S_Transport__ABC_system
PP_0415,,,,1.0,Metabolic:S_Pentose_Phosphate_Pathway
PP_0412,,,,1.0,Metabolic:S_Transport__ABC_system
PP_0402,,,,0.0,Metabolic:S_Cofactor_and_Prosthetic_Group_Biosynthesis__Vitamin_B6_Metabolism
PP_0414,,,,1.0,Metabolic:S_Transport__ABC_system
PP_0413,,,,1.0,Metabolic:S_Transport__ABC_system
PP_0416,,,,1.0,Metabolic:S_Glyoxylate_and_dicarboxylate_metabolism
PP_0418,,,,1.0,Metabolic:S_Fatty_Acid_Metabolism
PP_0432,,,,1.0,Metabolic:S_Urea_cycleamino_group_metabolism
PP_0433,,,,1.0,Metabolic:S_TCA_Cycle
PP_0427,,,,1.0,Metabolic:S_Cofactor_and_Prosthetic_Group_Biosynthesis__Ubiquinone_biosynthesis
PP_0434,,,,1.0,Metabolic:S_Cell_Envelope_Biosynthesis__Peptidoglycan_Biosynthesis
PP_0436,,,,0.0,Metabolic:S_tRNA_Charging
PP_0438,,,,0.0,Metabolic:S_Cofactor_and_Prosthetic_Group_Biosynthesis__Pantothenate_and_CoA_Biosynthesis
PP_0437,,,,0.0,Metabolic:S_Cofactor_and_Prosthetic_Group_Biosynthesis__Biotin_Biosynthesis
PP_0440,,,,1.0,Translation
PP_0441,,,,0.0,Post-translation
PP_0442,,,,0.0,Transcription
PP_0443,,,,0.0,Translation
PP_0445,,,,0.0,Translation
PP_0444,,,,0.0,Translation
PP_0446,,,,0.0,Translation
PP_0447,,,,0.0,Transcription
PP_0448,,,,0.0,Transcription
PP_0449,,,,0.0,Translation
PP_0451,,,,0.0,Translation
PP_0450,,,,0.0,Translation
PP_0452,,,,1.0,Translation
PP_0453,,,,0.0,Transcription
PP_0454,,,,0.0,Transcription
PP_0456,,,,0.0,Translation
PP_0455,,,,0.0,Transcription
PP_0458,,,,0.0,Translation
PP_0457,,,,0.0,Translation
PP_0459,,,,0.0,Translation
PP_0463,,,,0.0,Translation
PP_0461,,,,0.0,Translation
PP_0460,,,,0.0,Translation
PP_0464,,,,0.0,Translation
PP_0466,,,,0.0,Translation
PP_0465,,,,0.0,Translation
PP_0467,,,,0.0,Translation
PP_0468,,,,0.0,Translation
PP_0470,,,,0.0,Translation
PP_0474,,,,0.0,Post-translation
PP_0471,,,,0.0,Translation
PP_0469,,,,0.0,Translation
PP_0473,,,,0.0,Translation
PP_0476,,,,0.0,Translation
PP_0479,,,,0.0,Transcription
PP_0478,,,,0.0,Transcription
PP_0477,,,,0.0,Translation
PP_0480,,,,0.0,Translation
PP_0489,,,,1.0,Metabolic:S_Formaldehyde_Metabolism
PP_0481,,,,1.0,Metabolic:Unassigned
PP_0492,,,,1.0,Metabolic:S_Formaldehyde_Metabolism
PP_0491,,,,1.0,Metabolic:S_Formaldehyde_Metabolism
PP_0490,,,,1.0,Metabolic:S_Formaldehyde_Metabolism
PP_0494,,,,1.0,Translation
PP_0493,,,,1.0,Metabolic:S_tRNA_Charging
PP_0501,,,,0.0,Metabolic:S_Cell_Envelope_Biosynthesis__Biosynthesis_of_L_glycero_D_manno_heptose__Hep_
PP_0495,,,,1.0,Metabolic:S_Alanine_and_Aspartate_Metabolism
PP_0496,,,,1.0,Metabolic:S_Transport__Inner_Membrane
PP_0500,,,,1.0,Metabolic:S_Alginate_biosynthesis
PP_0518,,,,0.0,Transcription
PP_0510,,,,1.0,Metabolic:S_Sulfur_Metabolism
PP_0514,,,,0.0,Metabolic:S_Cofactor_and_Prosthetic_Group_Biosynthesis__Riboflavin_Metabolism
PP_0516,,,,1.0,Metabolic:S_Cofactor_and_Prosthetic_Group_Biosynthesis__Riboflavin_Metabolism
PP_0517,,,,0.0,Metabolic:S_Cofactor_and_Prosthetic_Group_Biosynthesis__Riboflavin_Metabolism
PP_0520,,,,0.0,Metabolic:S_Glycerophospholipid_Metabolism
PP_0528,,,,0.0,Metabolic:S_Cofactor_and_Prosthetic_Group_Biosynthesis__Terpenoid_backbone_biosynthesis
PP_0519,,,,0.0,Metabolic:S_Cofactor_and_Prosthetic_Group_Biosynthesis__Thiamine_Metabolism
PP_0522,,,,1.0,Metabolic:S_Cofactor_and_Prosthetic_Group_Biosynthesis__Riboflavin_Metabolism
PP_0524,,,,1.0,Metabolic:S_Transport__Outer_Membrane
PP_0525,,,,1.0,Metabolic:S_Transport__Outer_Membrane
PP_0530,,,,1.0,Metabolic:S_Cofactor_and_Prosthetic_Group_Biosynthesis__Riboflavin_Metabolism
PP_0527,,,,0.0,Metabolic:S_Cofactor_and_Prosthetic_Group_Biosynthesis__Terpenoid_backbone_biosynthesis
PP_0535,,,,1.0,Metabolic:S_Iron_uptake_and_metabolism
PP_0538,,,,1.0,Metabolic:S_Inorganic_polyphosphates_metabolism
PP_0542,,,,1.0,Metabolic:S_Alternate_Carbon_and_Nitrogen_source__Amines_and_Polyamines_Metabolism
PP_0543,,,,1.0,Metabolic:S_Alternate_Carbon_and_Nitrogen_source__Amines_and_Polyamines_Metabolism
PP_0545,,,,1.0,Metabolic:S_Glycerophospholipid_Metabolism
PP_0548,,,,1.0,Metabolic:S_Cofactor_and_Prosthetic_Group_Biosynthesis__Ubiquinone_biosynthesis
PP_0551,,,,1.0,Metabolic:S_Cell_Envelope_Biosynthesis
PP_0544,,,,1.0,Metabolic:S_Transport__Inner_Membrane
PP_0547,,,,1.0,Metabolic:S_Cell_Envelope_Biosynthesis
PP_0553,,,,1.0,Metabolic:S_Alternate_Carbon__Butanediol_Metabolism
PP_0552,,,,1.0,Metabolic:S_Alternate_Carbon__Butanediol_Metabolism
PP_0555,,,,1.0,Metabolic:S_Alternate_Carbon__Butanediol_Metabolism
PP_0554,,,,1.0,Metabolic:S_Alternate_Carbon__Butanediol_Metabolism
PP_0556,,,,1.0,Metabolic:S_Alternate_Carbon__Butanediol_Metabolism
PP_0560,,,,1.0,Metabolic:S_Phenylalanine_Tyrosine_Tryptophan_Biosynthesis
PP_0558,,,,0.0,Metabolic:S_Fatty_Acid__Biosynthesis
PP_0565,,,,1.0,Metabolic:S_Cofactor_and_Prosthetic_Group_Biosynthesis__Terpenoid_backbone_biosynthesis
PP_0559,,,,0.0,Metabolic:S_Fatty_Acid__Biosynthesis
PP_0561,,,,1.0,Metabolic:Unassigned
PP_0567,,,,1.0,Metabolic:S_Arginine_and_Proline_Metabolism
PP_0572,,,,1.0,Metabolic:S_Cell_Envelope_Biosynthesis__Peptidoglycan_Biosynthesis
PP_0591,,,,1.0,Metabolic:S_Purine_Metabolism
PP_0586,,,,1.0,Metabolic:S_Heavy_Metal_Tolerance
PP_0597,,,,1.0,Metabolic:S_Alternate_Carbon_and_Nitrogen_source__Dipeptide_Metabolism
PP_0601,,,,0.0,Metabolic:S_Cell_Envelope_Biosynthesis__Peptidoglycan_Biosynthesis
PP_0606,,,,0.0,Metabolic:S_Cofactor_and_Prosthetic_Group_Biosynthesis__Terpenoid_backbone_biosynthesis
PP_0596,,,,1.0,Metabolic:S_Valine__Leucine__and_Isoleucine_Metabolism
PP_0603,,,,0.0,Metabolic:S_tRNA_Charging
PP_0600,,,,0.0,Translation
PP_0602,,,,0.0,Metabolic:S_Cofactor_and_Prosthetic_Group_Biosynthesis__Riboflavin_Metabolism
PP_0612,,,,1.0,Metabolic:S_Glyoxylate_and_dicarboxylate_metabolism
PP_0631,,,,0.0,Metabolic:S_Cofactor_and_Prosthetic_Group_Biosynthesis__Pantothenate_and_CoA_Biosynthesis
PP_0623,,,,0.0,Translation
PP_0654,,,,1.0,Metabolic:S_TCA_Cycle
PP_0626,,,,1.0,Metabolic:S_Oxidative_Phosphorylation
PP_0652,,,,1.0,Metabolic:S_Transport__Inner_Membrane
PP_0658,,,,1.0,Metabolic:S_Cysteine_Metabolism
PP_0659,,,,1.0,Metabolic:S_Cysteine_Metabolism
PP_0662,,,,1.0,Metabolic:S_Glycine__Serine_and_threonine_metabolism
PP_0660,,,,1.0,Metabolic:S_Transport__Inner_Membrane
PP_0664,,,,1.0,Metabolic:S_Lysine_Metabolism
PP_0665,,,,1.0,Metabolic:S_Gluconeogenesis
PP_0675,,,,1.0,Metabolic:S_Glutamate_Metabolism
PP_0669,,,,1.0,Metabolic:S_Iron_uptake_and_metabolism
PP_0687,,,,0.0,Metabolic:S_Cofactor_and_Prosthetic_Group_Biosynthesis__Ubiquinone_biosynthesis
PP_0671,,,,1.0,Metabolic:S_Cofactor_and_Prosthetic_Group_Biosynthesis__One_Carbon_pool_by_folate
PP_0686,,,,1.0,Metabolic:S_Phosphonate_and_phosphinate_metabolism
PP_0713,,,,1.0,Metabolic:S_Transport__Inner_Membrane
PP_0688,,,,0.0,Translation
PP_0691,,,,1.0,Metabolic:S_Glutamate_Metabolism
PP_0718,,,,1.0,Metabolic:S_Transport__Inner_Membrane
PP_0721,,,,0.0,Translation
PP_0723,,,,0.0,Metabolic:S_Cofactor_and_Prosthetic_Group_Biosynthesis__Terpenoid_backbone_biosynthesis
PP_0732,,,,0.0,Metabolic:S_Cofactor_and_Prosthetic_Group_Biosynthesis__Porphyrin_and_Chlorophyll_Metabolism
PP_0722,,,,1.0,Metabolic:S_Alternate_Carbon__Ribose_Metabolism
PP_0733,,,,0.0,Translation
PP_0735,,,,0.0,Metabolic:S_Cofactor_and_Prosthetic_Group_Biosynthesis__Molybdopterin_Biosynthesis
PP_0744,,,,0.0,Metabolic:S_Cofactor_and_Prosthetic_Group_Biosynthesis__Porphyrin_and_Chlorophyll_Metabolism
PP_0736,,,,1.0,Metabolic:S_Glutamate_Metabolism
PP_0745,,,,1.0,Metabolic:S_Transport__Inner_Membrane
PP_0751,,,,1.0,Metabolic:S_TCA_Cycle
PP_0746,,,,1.0,Metabolic:S_Pyrimidine_Metabolism
PP_0762,,,,1.0,Metabolic:S_Glyoxylate_and_dicarboxylate_metabolism
PP_0747,,,,1.0,Metabolic:S_Purine_Metabolism
PP_0763,,,,1.0,Metabolic:S_Fatty_Acid__Biosynthesis
PP_0777,,,,1.0,Metabolic:Unassigned
PP_0774,,,,1.0,Metabolic:S_TCA_Cycle
PP_0786,,,,1.0,Metabolic:S_Pyrimidine_Metabolism
PP_0789,,,,1.0,Metabolic:S_Cell_Envelope_Biosynthesis__Peptidoglycan_Biosynthesis
PP_0793,,,,1.0,Metabolic:S_Alternate_Carbon__Fructose_Metabolism
PP_0794,,,,1.0,Metabolic:S_Alternate_Carbon__Fructose_Metabolism
PP_0808,,,,1.0,Metabolic:S_Nitrogen_Metabolism
PP_0799,,,,1.0,Metabolic:S_Transport__Outer_Membrane
PP_0795,,,,1.0,Metabolic:S_Alternate_Carbon__Fructose_Metabolism
PP_0809,,,,1.0,Metabolic:Unassigned
PP_0812,,,,1.0,Metabolic:S_Oxidative_Phosphorylation
PP_0813,,,,1.0,Metabolic:S_Oxidative_Phosphorylation
PP_0814,,,,1.0,Metabolic:S_Oxidative_Phosphorylation
PP_0815,,,,1.0,Metabolic:S_Oxidative_Phosphorylation
PP_0816,,,,1.0,Metabolic:S_Cofactor_and_Prosthetic_Group_Biosynthesis__Porphyrin_and_Chlorophyll_Metabolism
PP_0817,,,,1.0,Metabolic:S_Alanine_and_Aspartate_Metabolism
PP_0823,,,,0.0,Metabolic:Unassigned
PP_0824,,,,1.0,Metabolic:S_Transport__ABC_system
PP_0825,,,,1.0,Metabolic:S_Transport__ABC_system
PP_0826,,,,1.0,Metabolic:S_Transport__ABC_system
PP_0832,,,,1.0,Metabolic:S_Cofactor_and_Prosthetic_Group_Biosynthesis__Queuosine_biosynthesis
PP_0827,,,,1.0,Metabolic:S_Transport__ABC_system
PP_0835,,,,0.0,Post-translation
PP_0833,,,,1.0,Metabolic:S_Cofactor_and_Prosthetic_Group_Biosynthesis__Queuosine_biosynthesis
PP_0836,,,,0.0,Post-translation
PP_0834,,,,0.0,Post-translation
PP_0839,,,,0.0,tRNA-Charging
PP_0838,,,,1.0,Metabolic:S_Alternate_Carbon
PP_0843,,,,0.0,Metabolic:S_Cofactor_and_Prosthetic_Group_Biosynthesis__FeS_clusters_metabolism
PP_0842,,,,0.0,tRNA-Charging
PP_0844,,,,1.0,Metabolic:S_TCA_Cycle
PP_0849,,,,1.0,Metabolic:S_Pyrimidine_Metabolism
PP_0853,,,,0.0,Metabolic: No subsystem
PP_0847,,,,0.0,Metabolic:S_Iron_uptake_and_metabolism
PP_0850,,,,0.0,Translation
PP_0864,,,,1.0,Metabolic:S_Arginine_and_Proline_Metabolism
PP_0860,,,,0.0,Metabolic:S_Sulfur_Metabolism
PP_0854,,,,0.0,Metabolic:S_tRNA_Charging
PP_0867,,,,1.0,Metabolic:S_Transport__Outer_Membrane
PP_0868,,,,1.0,Metabolic:S_Transport__ABC_system
PP_0869,,,,1.0,Metabolic:S_Transport__ABC_system
PP_0870,,,,1.0,Metabolic:S_Transport__ABC_system
PP_0871,,,,1.0,Metabolic:S_Transport__ABC_system
PP_0873,,,,1.0,Metabolic:S_Transport__ABC_system
PP_0872,,,,0.0,Translation
PP_0878,,,,1.0,Metabolic:S_Transport__ABC_system
PP_0879,,,,1.0,Metabolic:S_Transport__ABC_system
PP_0880,,,,1.0,Metabolic:S_Transport__ABC_system
PP_0881,,,,1.0,Metabolic:S_Transport__ABC_system
PP_0882,,,,1.0,Metabolic:S_Transport__ABC_system
PP_0883,,,,1.0,Metabolic:S_Transport__Outer_Membrane
PP_0885,,,,1.0,Metabolic:S_Transport__ABC_system
PP_0884,,,,1.0,Metabolic:S_Transport__ABC_system
PP_0920,,,,1.0,Metabolic:S_Xenobiotic_tolerance
PP_0897,,,,1.0,Metabolic:S_TCA_Cycle
PP_0914,,,,1.0,Metabolic:S_Purine_Metabolism
PP_0922,,,,1.0,Metabolic:S_Fatty_Acid__Biosynthesis
PP_0915,,,,1.0,Metabolic:Unassigned
PP_0926,,,,1.0,Metabolic:S_Transport__solvent_extrusion
PP_0927,,,,1.0,Metabolic:S_Transport__Inner_Membrane
PP_0928,,,,1.0,Metabolic:S_Transport__Inner_Membrane
PP_0937,,,,0.0,Transcription
PP_0931,,,,0.0,Metabolic:Not Determined
PP_0930,,,,0.0,Metabolic:Not Determined
PP_0936,,,,1.0,Metabolic:S_Pyrimidine_Metabolism
PP_0953,,,,0.0,Metabolic:S_Cell_Envelope_Biosynthesis__O_antigen_Biosynthesis
PP_0932,,,,0.0,Metabolic:Not Determined
PP_0944,,,,1.0,Metabolic:S_TCA_Cycle
PP_0946,,,,1.0,Metabolic:Unassigned
PP_0954,,,,0.0,Metabolic:S_Cell_Envelope_Biosynthesis__O_antigen_Biosynthesis
PP_0955,,,,0.0,Metabolic:S_Cell_Envelope_Biosynthesis__O_antigen_Biosynthesis
PP_0956,,,,0.0,Metabolic:S_Cell_Envelope_Biosynthesis
PP_0957,,,,1.0,Metabolic:S_Cell_Envelope_Biosynthesis
PP_0964,,,,0.0,Metabolic:S_Cell_Envelope_Biosynthesis
PP_0960,,,,1.0,Metabolic:S_Transport__solvent_extrusion
PP_0958,,,,1.0,Metabolic:S_Transport__solvent_extrusion
PP_0959,,,,1.0,Metabolic:S_Transport__solvent_extrusion
PP_0965,,,,0.0,Metabolic:S_Histidine_Metabolism
PP_0970,,,,1.0,Metabolic:S_Transport__Inner_Membrane
PP_0976,,,,0.0,Translation
PP_0966,,,,0.0,Metabolic:S_Histidine_Metabolism
PP_0967,,,,0.0,Metabolic:S_Histidine_Metabolism
PP_0977,,,,0.0,Metabolic:S_Valine__Leucine__and_Isoleucine_Metabolism
PP_0980,,,,1.0,Metabolic:S_Alternate_Carbon_and_Nitrogen_source__Dipeptide_Metabolism
PP_0982,,,,0.0,Metabolic:S_Cell_Envelope_Biosynthesis__O_antigen_Biosynthesis
PP_0983,,,,0.0,Metabolic:S_Cell_Envelope_Biosynthesis__O_antigen_Biosynthesis
PP_0986,,,,1.0,Metabolic:S_Cofactor_and_Prosthetic_Group_Biosynthesis__One_Carbon_pool_by_folate
PP_0988,,,,1.0,Metabolic:S_Glycine__Serine_and_threonine_metabolism
PP_0999,,,,1.0,Metabolic:S_Glutamate_Metabolism
PP_0996,,,,1.0,Metabolic:S_Transport__Inner_Membrane
PP_0989,,,,1.0,Metabolic:S_Glycine__Serine_and_threonine_metabolism
PP_0987,,,,1.0,Metabolic:S_Glycine__Serine_and_threonine_metabolism
PP_1000,,,,0.0,Metabolic:S_Arginine_and_Proline_Metabolism
PP_1001,,,,1.0,Metabolic:S_Arginine_and_Proline_Metabolism
PP_1005,,,,1.0,Metabolic:S_Iron_uptake_and_metabolism
PP_1003,,,,1.0,Metabolic:S_Transport__Inner_Membrane
PP_1002,,,,1.0,Metabolic:S_Transport__Inner_Membrane
PP_1014,,,,1.0,Metabolic:S_Alternate_Carbon
PP_1011,,,,1.0,Metabolic:S_Glycolysis
PP_1006,,,,1.0,Metabolic:S_Transport__Outer_Membrane
PP_1009,,,,1.0,Metabolic:S_Gluconeogenesis
PP_1015,,,,1.0,Metabolic:S_Transport__ABC_system
PP_1017,,,,1.0,Metabolic:S_Transport__ABC_system
PP_1016,,,,1.0,Metabolic:S_Transport__ABC_system
PP_1018,,,,1.0,Metabolic:S_Transport__ABC_system
PP_1019,,,,1.0,Metabolic:S_Transport__Outer_Membrane
PP_1022,,,,1.0,Metabolic:S_Glycolysis
PP_1023,,,,1.0,Metabolic:S_Glycolysis
PP_1031,,,,1.0,Metabolic:S_Purine_Metabolism
PP_1032,,,,0.0,Metabolic:S_Purine_Metabolism
PP_1041,,,,1.0,Post-translation
PP_1040,,,,1.0,Post-translation
PP_1037,,,,0.0,Metabolic:S_Purine_Metabolism
PP_1059,,,,1.0,Metabolic:S_Transport__Inner_Membrane
PP_1068,,,,1.0,Metabolic:S_Transport__ABC_system
PP_1069,,,,1.0,Metabolic:S_Transport__ABC_system
PP_1071,,,,1.0,Metabolic:S_Transport__ABC_system
PP_1073,,,,1.0,Metabolic:S_Glycerophospholipid_Metabolism
PP_1070,,,,1.0,Metabolic:S_Transport__ABC_system
PP_1075,,,,1.0,Metabolic:S_Glycerophospholipid_Metabolism
PP_1076,,,,1.0,Metabolic:S_Transport__Inner_Membrane
PP_1082,,,,1.0,Metabolic:S_Iron_uptake_and_metabolism
PP_1078,,,,0.0,Metabolic:S_Iron_uptake_and_metabolism
PP_1085,,,,1.0,Transcription
PP_1100,,,,1.0,Metabolic:S_Pyrimidine_Metabolism
PP_1086,,,,0.0,Metabolic:S_Pyrimidine_Metabolism
PP_1097,,,,0.0,Metabolic:S_tRNA_Charging
PP_1110,,,,1.0,Metabolic:S_Cysteine_Metabolism
PP_1132,,,,1.0,Metabolic:S_Transport__Inner_Membrane
PP_1138,,,,1.0,Metabolic:S_Transport__ABC_system
PP_1137,,,,1.0,Metabolic:S_Transport__ABC_system
PP_1129,,,,0.0,Metabolic:S_Cofactor_and_Prosthetic_Group_Biosynthesis__Vitamin_B6_Metabolism
PP_1139,,,,1.0,Metabolic:S_Transport__ABC_system
PP_1140,,,,1.0,Metabolic:S_Transport__ABC_system
PP_1141,,,,1.0,Metabolic:S_Transport__ABC_system
PP_1144,,,,1.0,Metabolic:S_Purine_Metabolism
PP_1156,,,,1.0,Metabolic:S_Transport__Inner_Membrane
PP_1167,,,,1.0,Metabolic:S_Transport__Inner_Membrane
PP_1157,,,,1.0,Metabolic:S_Cofactor_and_Prosthetic_Group_Biosynthesis__Pantothenate_and_CoA_Biosynthesis
PP_1160,,,,1.0,Metabolic:S_Alanine_and_Aspartate_Metabolism
PP_1171,,,,1.0,Metabolic:S_Alternate_Carbon__Ascorbate_and_Aldarate_Metabolism
PP_1177,,,,0.0,Metabolic:S_Pyrimidine_Metabolism
PP_1168,,,,1.0,Metabolic:S_Transport__Inner_Membrane
PP_1169,,,,1.0,Metabolic:S_Transport__Inner_Membrane
PP_1179,,,,0.0,Metabolic:S_Pyrimidine_Metabolism
PP_1173,,,,1.0,Metabolic:S_Transport__Outer_Membrane
PP_1183,,,,1.0,Metabolic:S_Cell_Envelope_Biosynthesis
PP_1205,,,,0.0,Metabolic:S_tRNA_Charging
PP_1200,,,,1.0,Metabolic:S_Transport__Inner_Membrane
PP_1188,,,,1.0,Metabolic:S_Transport__Inner_Membrane
PP_1213,,,,0.0,Metabolic:S_tRNA_Charging
PP_1206,,,,1.0,Metabolic:S_Transport__Outer_Membrane
PP_1225,,,,0.0,Metabolic:S_Cofactor_and_Prosthetic_Group_Biosynthesis__Queuosine_biosynthesis
PP_1235,,,,1.0,Metabolic:Unassigned
PP_1226,,,,0.0,Metabolic:S_Cofactor_and_Prosthetic_Group_Biosynthesis__Queuosine_biosynthesis
PP_1229,,,,1.0,Metabolic:S_Transport__Inner_Membrane
PP_1251,,,,1.0,Metabolic:S_TCA_Cycle
PP_1240,,,,0.0,Metabolic:S_Purine_Metabolism
PP_1256,,,,1.0,Metabolic:S_Alternate_Carbon__Ascorbate_and_Aldarate_Metabolism
PP_1254,,,,1.0,Metabolic:S_Xenobiotic_tolerance
PP_1255,,,,1.0,Metabolic:S_Alternate_Carbon_and_Nitrogen_source__Hydroxy_proline_metabolism
PP_1258,,,,1.0,Metabolic:S_Alternate_Carbon_and_Nitrogen_source__Hydroxy_proline_metabolism
PP_1257,,,,1.0,Metabolic:S_Alternate_Carbon_and_Nitrogen_source__Hydroxy_proline_metabolism
PP_1259,,,,1.0,Metabolic:S_Transport__ABC_system
PP_1277,,,,1.0,Metabolic:S_Alginate_biosynthesis
PP_1278,,,,1.0,Metabolic:S_Alginate_biosynthesis
PP_1279,,,,1.0,Metabolic:S_Alginate_biosynthesis
PP_1280,,,,1.0,Metabolic:S_Alginate_biosynthesis
PP_1283,,,,1.0,Metabolic:S_Alginate_biosynthesis
PP_1284,,,,1.0,Metabolic:S_Alginate_biosynthesis
PP_1281,,,,1.0,Metabolic:S_Alginate_biosynthesis
PP_1282,,,,1.0,Metabolic:S_Alginate_biosynthesis
PP_1285,,,,1.0,Metabolic:S_Alginate_biosynthesis
PP_1286,,,,1.0,Metabolic:S_Alginate_biosynthesis
PP_1287,,,,1.0,Metabolic:S_Alginate_biosynthesis
PP_1292,,,,0.0,Metabolic:S_Cofactor_and_Prosthetic_Group_Biosynthesis__Molybdopterin_Biosynthesis
PP_1293,,,,0.0,Metabolic:S_Cofactor_and_Prosthetic_Group_Biosynthesis__Molybdopterin_Biosynthesis
PP_1288,,,,1.0,Metabolic:S_Alginate_biosynthesis
PP_1294,,,,0.0,Metabolic:S_Cofactor_and_Prosthetic_Group_Biosynthesis__Molybdopterin_Biosynthesis
PP_1298,,,,1.0,Metabolic:S_Transport__ABC_system
PP_1295,,,,0.0,Transcription
PP_1311,,,,0.0,Metabolic:S_tRNA_Charging
PP_1297,,,,1.0,Metabolic:S_Transport__ABC_system
PP_1300,,,,1.0,Metabolic:S_Transport__ABC_system
PP_1299,,,,1.0,Metabolic:S_Transport__ABC_system
PP_1308,,,,1.0,Metabolic:S_Methionine_Metabolism
PP_1315,,,,0.0,Transcription
PP_1323,,,,0.0,Metabolic:S_Cell_Envelope_Biosynthesis__Biosynthesis_of_L_glycero_D_manno_heptose__Hep_
PP_1318,,,,1.0,Metabolic:S_Oxidative_Phosphorylation
PP_1317,,,,1.0,Metabolic:S_Oxidative_Phosphorylation
PP_1316,,,,0.0,Translation
PP_1319,,,,1.0,Metabolic:S_Oxidative_Phosphorylation
PP_1332,,,,0.0,Metabolic:S_Cell_Envelope_Biosynthesis__Peptidoglycan_Biosynthesis
PP_1326,,,,1.0,Translation
PP_1329,,,,1.0,Translation
PP_1331,,,,1.0,Metabolic:S_Cell_Envelope_Biosynthesis__Peptidoglycan_Biosynthesis
PP_1334,,,,0.0,Metabolic:S_Cell_Envelope_Biosynthesis__Peptidoglycan_Biosynthesis
PP_1333,,,,0.0,Metabolic:S_Cell_Envelope_Biosynthesis__Peptidoglycan_Biosynthesis
PP_1335,,,,0.0,Metabolic:S_Cell_Envelope_Biosynthesis
PP_1336,,,,0.0,Metabolic:S_Cell_Envelope_Biosynthesis__Peptidoglycan_Biosynthesis
PP_1337,,,,0.0,Metabolic:S_Cell_Envelope_Biosynthesis__Peptidoglycan_Biosynthesis
PP_1343,,,,0.0,Metabolic:S_Cell_Envelope_Biosynthesis__Lipid_A_Biosynthesis
PP_1339,,,,1.0,Metabolic:S_Cell_Envelope_Biosynthesis__Peptidoglycan_Biosynthesis
PP_1345,,,,0.0,Post-translation
PP_1338,,,,1.0,Metabolic:S_Cell_Envelope_Biosynthesis
PP_1351,,,,1.0,Metabolic:S_Cofactor_and_Prosthetic_Group_Biosynthesis__Pantothenate_and_CoA_Biosynthesis
PP_1346,,,,1.0,Metabolic:S_Urea_cycleamino_group_metabolism
PP_1355,,,,1.0,Metabolic:S_Transport__Inner_Membrane
PP_1367,,,,1.0,Metabolic:S_Cofactor_and_Prosthetic_Group_Biosynthesis__One_Carbon_pool_by_folate
PP_1361,,,,0.0,Translation
PP_1360,,,,0.0,Translation
PP_1362,,,,1.0,Metabolic:S_Gluconeogenesis
PP_1377,,,,1.0,Metabolic:S_Aromatic_Compounds_Degradation__B_Ketoadipate_pathway
PP_1373,,,,1.0,Metabolic:S_Transport__Inner_Membrane
PP_1376,,,,1.0,Metabolic:S_Transport__Inner_Membrane
PP_1378,,,,1.0,Metabolic:S_Transport__Inner_Membrane
PP_1379,,,,1.0,Metabolic:S_Aromatic_Compounds_Degradation__B_Ketoadipate_pathway
PP_1380,,,,1.0,Metabolic:S_Aromatic_Compounds_Degradation__B_Ketoadipate_pathway
PP_1381,,,,1.0,Metabolic:S_Aromatic_Compounds_Degradation__B_Ketoadipate_pathway
PP_1382,,,,1.0,Metabolic:S_Transport__Outer_Membrane
PP_1383,,,,1.0,Metabolic:S_Transport__Outer_Membrane
PP_1384,,,,1.0,Metabolic:S_Transport__solvent_extrusion
PP_1394,,,,1.0,Metabolic:S_Arginine_and_Proline_Metabolism
PP_1385,,,,1.0,Metabolic:S_Transport__solvent_extrusion
PP_1386,,,,1.0,Metabolic:S_Transport__solvent_extrusion
PP_1400,,,,1.0,Metabolic:S_Transport__Inner_Membrane
PP_1403,,,,1.0,Metabolic:S_Cell_Envelope_Biosynthesis__Cellulose_Metabolism
PP_1407,,,,1.0,Metabolic:S_Transport__Inner_Membrane
PP_1408,,,,1.0,Metabolic:S_PHAs_Metabolism
PP_1409,,,,0.0,Translation
PP_1412,,,,1.0,Metabolic: No subsystem
PP_1414,,,,1.0,Metabolic:S_Pyrimidine_Metabolism
PP_1416,,,,1.0,Metabolic:S_Transport__Inner_Membrane
PP_1417,,,,1.0,Metabolic:S_Transport__Inner_Membrane
PP_1433,,,,0.0,Transcription
PP_1418,,,,1.0,Metabolic:S_Transport__Inner_Membrane
PP_1419,,,,1.0,Metabolic:S_Transport__Outer_Membrane
PP_1426,,,,0.0,Metabolic:S_Cofactor_and_Prosthetic_Group_Biosynthesis__Nicotinamide_Biosynthesis
PP_1434,,,,0.0,Translation
PP_1444,,,,1.0,Metabolic:S_Glycolysis
PP_1457,,,,1.0,Metabolic:S_Purine_Metabolism
PP_1445,,,,1.0,Metabolic:S_Transport__Outer_Membrane
PP_1436,,,,0.0,Metabolic:S_Cofactor_and_Prosthetic_Group_Biosynthesis__Vitamin_B6_Metabolism
PP_1461,,,,0.0,Post-translation
PP_1463,,,,0.0,Translation
PP_1464,,,,0.0,tRNA-Charging
PP_1465,,,,0.0,Translation
PP_1462,,,,0.0,Translation
PP_1469,,,,1.0,Metabolic:Unassigned
PP_1478,,,,1.0,Metabolic:S_Xenobiotic_tolerance
PP_1481,,,,1.0,Metabolic:S_Alternate_Carbon_and_Nitrogen_source__Amines_and_Polyamines_Metabolism
PP_1470,,,,1.0,Metabolic:S_Lysine_Metabolism
PP_1471,,,,1.0,Metabolic:S_Glycine__Serine_and_threonine_metabolism
PP_1484,,,,1.0,Metabolic:S_Transport__ABC_system
PP_1494,,,,1.0,Metabolic:S_Purine_Metabolism
PP_1495,,,,0.0,Translation
PP_1496,,,,0.0,Metabolic:S_tRNA_Charging
PP_1505,,,,1.0,Metabolic:S_Glycolysis
PP_1506,,,,1.0,Metabolic:S_Pyrimidine_Metabolism
PP_1520,,,,1.0,Metabolic:S_Glycerophospholipid_Metabolism
PP_1524,,,,0.0,Translation
PP_1525,,,,0.0,Metabolic:S_Lysine_Metabolism
PP_1528,,,,1.0,Metabolic:S_Cofactor_and_Prosthetic_Group_Biosynthesis__FeS_clusters_metabolism
PP_1588,,,,1.0,Metabolic:S_Lysine_Metabolism
PP_1529,,,,1.0,Metabolic:S_Sulfur_Metabolism
PP_1587,,,,1.0,Metabolic:S_Transport__Inner_Membrane
PP_1590,,,,0.0,Translation
PP_1593,,,,1.0,Metabolic:S_Pyrimidine_Metabolism
PP_1595,,,,0.0,Metabolic:S_Cofactor_and_Prosthetic_Group_Biosynthesis__Terpenoid_backbone_biosynthesis
PP_1592,,,,0.0,Translation
PP_1596,,,,0.0,Metabolic:S_Glycerophospholipid_Metabolism
PP_1594,,,,0.0,Translation
PP_1591,,,,0.0,Translation
PP_1601,,,,0.0,Metabolic:S_Cell_Envelope_Biosynthesis__Lipid_A_Biosynthesis
PP_1597,,,,0.0,Metabolic:S_Cofactor_and_Prosthetic_Group_Biosynthesis__Terpenoid_backbone_biosynthesis
PP_1603,,,,0.0,Metabolic:S_Cell_Envelope_Biosynthesis__Lipid_A_Biosynthesis
PP_1602,,,,0.0,Metabolic:S_Cofactor_and_Prosthetic_Group_Biosynthesis__Biotin_Biosynthesis
PP_1604,,,,0.0,Metabolic:S_Cell_Envelope_Biosynthesis__Lipid_A_Biosynthesis
PP_1607,,,,0.0,Metabolic:S_Fatty_Acid__Biosynthesis
PP_1614,,,,0.0,Metabolic:S_Cofactor_and_Prosthetic_Group_Biosynthesis__Terpenoid_backbone_biosynthesis
PP_1618,,,,0.0,Metabolic:S_Cofactor_and_Prosthetic_Group_Biosynthesis__Terpenoid_backbone_biosynthesis
PP_1611,,,,1.0,Metabolic:S_Cell_Envelope_Biosynthesis
PP_1610,,,,0.0,Metabolic:S_Pyrimidine_Metabolism
PP_1612,,,,0.0,Metabolic:S_Gluconeogenesis
PP_1617,,,,1.0,Metabolic:S_Formaldehyde_Metabolism
PP_1616,,,,1.0,Metabolic:S_Formaldehyde_Metabolism
PP_1625,,,,0.0,Metabolic:S_Cofactor_and_Prosthetic_Group_Biosynthesis__Terpenoid_backbone_biosynthesis
PP_1620,,,,1.0,Metabolic:S_Inorganic_polyphosphates_metabolism
PP_1628,,,,1.0,Metabolic:S_Cofactor_and_Prosthetic_Group_Biosynthesis__Nicotinamide_Biosynthesis
PP_1636,,,,0.0,Metabolic:S_Glycerophospholipid_Metabolism
PP_1638,,,,0.0,Metabolic:S_Iron_uptake_and_metabolism
PP_1645,,,,1.0,Metabolic:S_Heavy_Metal_Tolerance
PP_1641,,,,0.0,tRNA-Charging
PP_1656,,,,1.0,Metabolic:S_Purine_Metabolism
PP_1655,,,,0.0,Translation
PP_1649,,,,1.0,Metabolic:S_Pyruvate_Metabolism
PP_1654,,,,1.0,Metabolic:S_Cysteine_Metabolism
PP_1672,,,,0.0,Metabolic:S_Cofactor_and_Prosthetic_Group_Biosynthesis__Porphyrin_and_Chlorophyll_Metabolism
PP_1657,,,,1.0,Metabolic:S_Pyrimidine_Metabolism
PP_1673,,,,0.0,Metabolic:S_Cofactor_and_Prosthetic_Group_Biosynthesis__Porphyrin_and_Chlorophyll_Metabolism
PP_1664,,,,1.0,Metabolic:S_Purine_Metabolism
PP_1674,,,,0.0,Metabolic:S_Cofactor_and_Prosthetic_Group_Biosynthesis__Porphyrin_and_Chlorophyll_Metabolism
PP_1665,,,,0.0,Metabolic:S_Purine_Metabolism
PP_1678,,,,0.0,Metabolic:S_Cofactor_and_Prosthetic_Group_Biosynthesis__Porphyrin_and_Chlorophyll_Metabolism
PP_1679,,,,0.0,Metabolic:S_Cofactor_and_Prosthetic_Group_Biosynthesis__Porphyrin_and_Chlorophyll_Metabolism
PP_1675,,,,0.0,Metabolic:S_Cofactor_and_Prosthetic_Group_Biosynthesis__Porphyrin_and_Chlorophyll_Metabolism
PP_1676,,,,0.0,Metabolic:S_Cofactor_and_Prosthetic_Group_Biosynthesis__Porphyrin_and_Chlorophyll_Metabolism
PP_1680,,,,0.0,Metabolic:S_Cofactor_and_Prosthetic_Group_Biosynthesis__Porphyrin_and_Chlorophyll_Metabolism
PP_1677,,,,0.0,Metabolic:S_Cofactor_and_Prosthetic_Group_Biosynthesis__Porphyrin_and_Chlorophyll_Metabolism
PP_1681,,,,0.0,Metabolic:S_Cofactor_and_Prosthetic_Group_Biosynthesis__Porphyrin_and_Chlorophyll_Metabolism
PP_1686,,,,1.0,Metabolic:Unassigned
PP_1689,,,,1.0,Metabolic:S_Transport__Outer_Membrane
PP_1700,,,,1.0,Metabolic:S_Glycerophospholipid_Metabolism
PP_1703,,,,1.0,Metabolic:S_Nitrogen_Metabolism
PP_1705,,,,1.0,Metabolic:S_Nitrogen_Metabolism
PP_1710,,,,1.0,Metabolic:S_Transport__Inner_Membrane
PP_1706,,,,1.0,Metabolic:S_Nitrogen_Metabolism
PP_1722,,,,1.0,Metabolic:S_Transport__ABC_system
PP_1735,,,,1.0,Metabolic:S_Cell_Envelope_Biosynthesis__Lipid_A_Biosynthesis
PP_1741,,,,1.0,Metabolic:S_Transport__ABC_system
PP_1743,,,,1.0,Metabolic:S_Transport__Inner_Membrane
PP_1755,,,,1.0,Metabolic:S_TCA_Cycle
PP_1750,,,,1.0,Metabolic:S_Alanine_and_Aspartate_Metabolism
PP_1765,,,,0.0,Metabolic:S_Cofactor_and_Prosthetic_Group_Biosynthesis__Ubiquinone_biosynthesis
PP_1764,,,,1.0,Metabolic:S_Glyoxylate_and_dicarboxylate_metabolism
PP_1761,,,,1.0,Metabolic:S_Purine_Metabolism
PP_1766,,,,1.0,Metabolic:S_Methionine_Metabolism
PP_1768,,,,0.0,Metabolic:S_Glycine__Serine_and_threonine_metabolism
PP_1771,,,,1.0,Metabolic:S_Pyrimidine_Metabolism
PP_1777,,,,1.0,Metabolic:S_Starch_and_Sucrose_Metabolism
PP_1772,,,,0.0,Translation
PP_1776,,,,1.0,Metabolic:S_Alginate_biosynthesis
PP_1782,,,,1.0,Metabolic:S_Alginate_biosynthesis
PP_1779,,,,1.0,Metabolic:S_Cell_Envelope_Biosynthesis__O_antigen_Biosynthesis
PP_1778,,,,1.0,Metabolic:S_Cell_Envelope_Biosynthesis__O_antigen_Biosynthesis
PP_1783,,,,1.0,Metabolic:S_Alginate_biosynthesis
PP_1784,,,,1.0,Metabolic:S_Alginate_biosynthesis
PP_1785,,,,1.0,Metabolic:S_Alginate_biosynthesis
PP_1799,,,,1.0,Metabolic:S_Alginate_biosynthesis
PP_1803,,,,0.0,Metabolic:S_Cell_Envelope_Biosynthesis
PP_1804,,,,0.0,Metabolic:S_Cell_Envelope_Biosynthesis__O_antigen_Biosynthesis
PP_1805,,,,0.0,Metabolic:S_Cell_Envelope_Biosynthesis__O_antigen_Biosynthesis
PP_1801,,,,1.0,Metabolic:S_Cell_Envelope_Biosynthesis__O_antigen_Biosynthesis
PP_1800,,,,1.0,Metabolic:S_Alginate_biosynthesis
PP_1802,,,,1.0,Metabolic:S_Cell_Envelope_Biosynthesis__O_antigen_Biosynthesis
PP_1806,,,,1.0,Metabolic:S_Cell_Envelope_Biosynthesis
PP_1807,,,,1.0,Metabolic:S_Cell_Envelope_Biosynthesis
PP_1811,,,,1.0,Metabolic:S_Cell_Envelope_Biosynthesis
PP_1808,,,,1.0,Metabolic:S_Pentose_Phosphate_Pathway
PP_1842,,,,1.0,Metabolic:S_Alternate_Carbon_and_Nitrogen_source__Amines_and_Polyamines_Metabolism
PP_1815,,,,0.0,Metabolic:S_Pyrimidine_Metabolism
PP_1823,,,,1.0,Metabolic:S_Cofactor_and_Prosthetic_Group_Biosynthesis__Folate_Biosynthesis
PP_1830,,,,0.0,Metabolic:S_Phenylalanine_Tyrosine_Tryptophan_Biosynthesis
PP_1844,,,,1.0,Metabolic:S_Glycerophospholipid_Metabolism
PP_1843,,,,1.0,Metabolic:S_Transport__Inner_Membrane
PP_1872,,,,1.0,Metabolic:S_Alanine_and_Aspartate_Metabolism
PP_1866,,,,1.0,Metabolic:S_Phenylalanine_Tyrosine_Tryptophan_Biosynthesis
PP_1867,,,,1.0,Metabolic: No subsystem
PP_1874,,,,1.0,Metabolic:Unassigned
PP_1902,,,,0.0,Metabolic:S_Cell_Envelope_Biosynthesis
PP_1900,,,,0.0,Metabolic:S_Cell_Envelope_Biosynthesis__Lipid_A_Biosynthesis
PP_1893,,,,1.0,Metabolic:S_Fatty_Acid_Metabolism
PP_1877,,,,1.0,Metabolic:Unassigned
PP_1905,,,,0.0,Transcription
PP_1904,,,,1.0,Metabolic:S_Cell_Envelope_Biosynthesis
PP_1913,,,,0.0,Metabolic:S_Fatty_Acid__Biosynthesis
PP_1914,,,,0.0,Metabolic:S_Cofactor_and_Prosthetic_Group_Biosynthesis__Biotin_Biosynthesis
PP_1912,,,,1.0,Metabolic:S_Glycerophospholipid_Metabolism
PP_1915,,,,0.0,Metabolic:S_Cell_Envelope_Biosynthesis
PP_1917,,,,0.0,Metabolic:S_Cofactor_and_Prosthetic_Group_Biosynthesis__Folate_Biosynthesis
PP_1916,,,,1.0,Metabolic:S_Fatty_Acid__Biosynthesis
PP_1924,,,,1.0,Metabolic:Unassigned
PP_1928,,,,1.0,Metabolic:S_Heavy_Metal_Tolerance
PP_1943,,,,1.0,Metabolic:S_Cofactor_and_Prosthetic_Group_Biosynthesis__One_Carbon_pool_by_folate
PP_1945,,,,1.0,Metabolic:S_Cofactor_and_Prosthetic_Group_Biosynthesis__One_Carbon_pool_by_folate
PP_1948,,,,1.0,Metabolic:S_Aromatic_Compounds_Degradation__Toluene_Pathway
PP_1929,,,,1.0,Metabolic:S_Heavy_Metal_Tolerance
PP_1969,,,,1.0,Metabolic:S_Cofactor_and_Prosthetic_Group_Biosynthesis__Molybdopterin_Biosynthesis
PP_1972,,,,1.0,Metabolic:S_Phenylalanine_Tyrosine_Tryptophan_Biosynthesis
PP_1977,,,,0.0,Metabolic:S_tRNA_Charging
PP_1981,,,,1.0,tRNA-Charging
PP_1996,,,,0.0,Metabolic:S_Fatty_Acid__Biosynthesis
PP_1997,,,,0.0,Metabolic:S_Cofactor_and_Prosthetic_Group_Biosynthesis__Folate_Biosynthesis
PP_2012,,,,0.0,Metabolic:S_Cofactor_and_Prosthetic_Group_Biosynthesis__Nicotinamide_Biosynthesis
PP_2000,,,,0.0,Metabolic:S_Purine_Metabolism
PP_2001,,,,1.0,Metabolic:S_Methionine_Metabolism
PP_2008,,,,1.0,Metabolic:S_Fatty_Acid_Metabolism
PP_2039,,,,1.0,Metabolic:S_Fatty_Acid_Metabolism
PP_2017,,,,1.0,Metabolic:S_Alternate_Carbon_and_Nitrogen_source__Dipeptide_Metabolism
PP_2047,,,,1.0,Metabolic: No subsystem
PP_2049,,,,1.0,Metabolic: No subsystem
PP_2048,,,,1.0,Metabolic: No subsystem
PP_2051,,,,1.0,Metabolic:S_Butanoate_Metabolism
PP_2057,,,,1.0,Metabolic:S_Transport__Inner_Membrane
PP_2056,,,,1.0,Metabolic:S_Transport__Inner_Membrane
PP_2077,,,,1.0,Metabolic:S_Lysine_Metabolism
PP_2058,,,,1.0,Metabolic:S_Transport__Outer_Membrane
PP_2080,,,,1.0,Metabolic:S_Glutamate_Metabolism
PP_2082,,,,1.0,Metabolic:S_Glycolysis
PP_2090,,,,1.0,Metabolic:S_Cofactor_and_Prosthetic_Group_Biosynthesis__Porphyrin_and_Chlorophyll_Metabolism
PP_2092,,,,1.0,Metabolic:S_Transport__Inner_Membrane
PP_2096,,,,0.0,Translation
PP_2095,,,,0.0,Metabolic:S_Pyrimidine_Metabolism
PP_2102,,,,1.0,Metabolic:S_Purine_Metabolism
PP_2098,,,,1.0,Metabolic:S_Cell_Envelope_Biosynthesis__Peptidoglycan_Biosynthesis
PP_2106,,,,1.0,Metabolic:S_Transport__Inner_Membrane
PP_2113,,,,0.0,Translation
PP_2112,,,,1.0,Metabolic:S_TCA_Cycle
PP_2123,,,,0.0,Metabolic:S_Cofactor_and_Prosthetic_Group_Biosynthesis__Molybdopterin_Biosynthesis
PP_2117,,,,0.0,Metabolic:S_Cofactor_and_Prosthetic_Group_Biosynthesis__Vitamin_B6_Metabolism
PP_2122,,,,1.0,Metabolic:S_Cofactor_and_Prosthetic_Group_Biosynthesis__Molybdopterin_Biosynthesis
PP_2125,,,,1.0,Metabolic:S_Glycerophospholipid_Metabolism
PP_2130,,,,1.0,Metabolic:S_Cell_Envelope_Biosynthesis__Peptidoglycan_Biosynthesis
PP_2148,,,,0.0,Transcription
PP_2136,,,,1.0,Metabolic:S_Butanoate_Metabolism
PP_2137,,,,1.0,Metabolic:S_Fatty_Acid_Metabolism
PP_2145,,,,1.0,Metabolic:S_Cell_Envelope_Biosynthesis__Peptidoglycan_Biosynthesis
PP_2149,,,,1.0,Metabolic:S_Gluconeogenesis
PP_2160,,,,0.0,Metabolic:S_Cofactor_and_Prosthetic_Group_Biosynthesis__Queuosine_biosynthesis
PP_2151,,,,1.0,Metabolic:S_Oxidative_Phosphorylation
PP_2152,,,,1.0,Metabolic:S_Glycerophospholipid_Metabolism
PP_2178,,,,1.0,Metabolic:S_Alternate_Carbon_and_Nitrogen_source__Amines_and_Polyamines_Metabolism
PP_2168,,,,1.0,Metabolic:S_Pentose_Phosphate_Pathway
PP_2169,,,,1.0,tRNA-Charging
PP_2179,,,,1.0,Metabolic:S_Alternate_Carbon_and_Nitrogen_source__Amines_and_Polyamines_Metabolism
PP_2183,,,,1.0,Metabolic:S_Formaldehyde_Metabolism
PP_2184,,,,1.0,Metabolic:S_Formaldehyde_Metabolism
PP_2180,,,,1.0,Metabolic:S_Alternate_Carbon_and_Nitrogen_source__Amines_and_Polyamines_Metabolism
PP_2186,,,,1.0,Metabolic:S_Formaldehyde_Metabolism
PP_2185,,,,1.0,Metabolic:S_Formaldehyde_Metabolism
PP_2196,,,,1.0,Metabolic:S_Urea_cycleamino_group_metabolism
PP_2193,,,,1.0,Metabolic:S_Iron_uptake_and_metabolism
PP_2208,,,,1.0,Metabolic:S_Phosphonate_and_phosphinate_metabolism
PP_2209,,,,1.0,Metabolic:S_Phosphonate_and_phosphinate_metabolism
PP_2205,,,,1.0,Metabolic:S_Iron_uptake_and_metabolism
PP_2213,,,,1.0,Metabolic:S_Fatty_Acid_Metabolism
PP_2214,,,,1.0,Metabolic:S_Fatty_Acid_Metabolism
PP_2215,,,,1.0,Metabolic:S_Fatty_Acid_Metabolism
PP_2216,,,,1.0,Metabolic:S_Fatty_Acid_Metabolism
PP_2217,,,,1.0,Metabolic:S_Fatty_Acid_Metabolism
PP_2225,,,,1.0,Metabolic:S_Transport__Inner_Membrane
PP_2226,,,,1.0,Metabolic:S_Transport__Inner_Membrane
PP_2227,,,,1.0,Metabolic:S_Transport__Inner_Membrane
PP_2239,,,,1.0,Metabolic:S_Transport__Inner_Membrane
PP_2228,,,,1.0,Metabolic:S_Transport__Inner_Membrane
PP_2229,,,,1.0,Metabolic:S_Transport__Inner_Membrane
PP_2246,,,,1.0,Metabolic:S_Lysine_Metabolism
PP_2230,,,,1.0,Metabolic:S_Transport__Inner_Membrane
PP_2242,,,,1.0,Metabolic:S_Iron_uptake_and_metabolism
PP_2255,,,,1.0,Metabolic:S_Transport__Inner_Membrane
PP_2265,,,,1.0,Metabolic:S_Cofactor_and_Prosthetic_Group_Biosynthesis__One_Carbon_pool_by_folate
PP_2315,,,,0.0,Transcription
PP_2299,,,,0.0,Translation
PP_2329,,,,0.0,Metabolic:S_Cofactor_and_Prosthetic_Group_Biosynthesis__Folate_Biosynthesis
PP_2318,,,,1.0,Metabolic:S_Glycerophospholipid_Metabolism
PP_2325,,,,1.0,Metabolic:S_Cofactor_and_Prosthetic_Group_Biosynthesis__Pantothenate_and_CoA_Biosynthesis
PP_2324,,,,1.0,Metabolic:S_Phenylalanine_Tyrosine_Tryptophan_Biosynthesis
PP_2336,,,,1.0,Metabolic:S_Alternate_Carbon__Propanoate_Metabolism
PP_2335,,,,1.0,Metabolic:S_Alternate_Carbon__Propanoate_Metabolism
PP_2334,,,,1.0,Metabolic:S_Alternate_Carbon__Propanoate_Metabolism
PP_2338,,,,1.0,Metabolic:S_Alternate_Carbon__Propanoate_Metabolism
PP_2341,,,,0.0,Metabolic:S_Cofactor_and_Prosthetic_Group_Biosynthesis__Queuosine_biosynthesis
PP_2339,,,,1.0,Metabolic:S_TCA_Cycle
PP_2368,,,,1.0,Metabolic:S_Alternate_Carbon__Ascorbate_and_Aldarate_Metabolism
PP_2351,,,,1.0,Metabolic:S_Alternate_Carbon__Propanoate_Metabolism
PP_2376,,,,1.0,Metabolic:S_Fatty_Acid__Biosynthesis
PP_2375,,,,1.0,Metabolic:S_Methionine_Metabolism
PP_2406,,,,1.0,Metabolic:S_Phenylalanine_Tyrosine_Tryptophan_Biosynthesis
PP_2407,,,,1.0,Metabolic:S_Phenylalanine_Tyrosine_Tryptophan_Biosynthesis
PP_2408,,,,1.0,Metabolic:S_Heavy_Metal_Tolerance
PP_2416,,,,1.0,Metabolic:S_Transport__Outer_Membrane
PP_2409,,,,1.0,Metabolic:S_Heavy_Metal_Tolerance
PP_2410,,,,1.0,Metabolic:S_Heavy_Metal_Tolerance
PP_2417,,,,1.0,Metabolic:S_Transport__Outer_Membrane
PP_2418,,,,1.0,Metabolic:S_Iron_uptake_and_metabolism
PP_2423,,,,1.0,Metabolic:S_Cell_Envelope_Biosynthesis__Lipid_A_Biosynthesis
PP_2426,,,,1.0,Metabolic:S_Aromatic_Compounds_Degradation__B_Ketoadipate_pathway
PP_2428,,,,1.0,Metabolic:S_Transport__solvent_extrusion
PP_2432,,,,1.0,Metabolic:S_Xenobiotic_tolerance
PP_2435,,,,0.0,tRNA-Charging
PP_2439,,,,1.0,Metabolic:Unassigned
PP_2437,,,,1.0,Metabolic:S_Fatty_Acid_Metabolism
PP_2440,,,,1.0,Metabolic:Unassigned
PP_2443,,,,1.0,Metabolic:S_Transport__Inner_Membrane
PP_2448,,,,1.0,Metabolic:S_Alternate_Carbon_and_Nitrogen_source__Amines_and_Polyamines_Metabolism
PP_2453,,,,1.0,Metabolic:S_Alanine_and_Aspartate_Metabolism
PP_2454,,,,1.0,Metabolic:S_Transport__ABC_system
PP_2455,,,,1.0,Metabolic:S_Transport__ABC_system
PP_2456,,,,1.0,Metabolic:S_Transport__ABC_system
PP_2460,,,,1.0,Metabolic:S_Pyrimidine_Metabolism
PP_2459,,,,1.0,Metabolic:S_Transport__ABC_system
PP_2458,,,,1.0,Metabolic:S_Alternate_Carbon__Ribose_Metabolism
PP_2468,,,,0.0,Translation
PP_2465,,,,0.0,Metabolic:S_tRNA_Charging
PP_2476,,,,1.0,Metabolic:S_Alternate_Carbon
PP_2469,,,,0.0,Metabolic:S_tRNA_Charging
PP_2470,,,,0.0,Metabolic:S_tRNA_Charging
PP_2482,,,,1.0,Metabolic:S_Cofactor_and_Prosthetic_Group_Biosynthesis__Molybdopterin_Biosynthesis
PP_2486,,,,1.0,Metabolic:S_Xenobiotic_tolerance
PP_2489,,,,1.0,Metabolic:S_Xenobiotic_tolerance
PP_2488,,,,1.0,Metabolic:S_Glutamate_Metabolism
PP_2490,,,,1.0,Metabolic:S_Xenobiotic_tolerance
PP_2492,,,,1.0,Metabolic:S_Alternate_Carbon
PP_2504,,,,1.0,Metabolic:S_Aromatic_Compounds_Degradation__Toluene_Pathway
PP_2514,,,,1.0,Metabolic:S_Aromatic_Compounds_Degradation__Gallic_acid_Metabolism
PP_2512,,,,1.0,Metabolic:S_Cofactor_and_Prosthetic_Group_Biosynthesis__Folate_Biosynthesis
PP_2515,,,,1.0,Metabolic:S_Aromatic_Compounds_Degradation__Gallic_acid_Metabolism
PP_2513,,,,1.0,Metabolic:S_Aromatic_Compounds_Degradation__Gallic_acid_Metabolism
PP_2517,,,,1.0,Metabolic:S_Transport__Outer_Membrane
PP_2518,,,,1.0,Metabolic:S_Aromatic_Compounds_Degradation__Gallic_acid_Metabolism
PP_2528,,,,1.0,Metabolic:S_Methionine_Metabolism
PP_2554,,,,1.0,Metabolic:S_Aromatic_Compounds_Degradation__B_Ketoadipate_pathway
PP_2552,,,,1.0,Metabolic:S_Plant_growth_promoting
PP_2543,,,,1.0,Metabolic:S_Transport__Inner_Membrane
PP_2545,,,,1.0,Metabolic:S_Alternate_Carbon
PP_2553,,,,1.0,Metabolic:S_Transport__Inner_Membrane
PP_2582,,,,1.0,Metabolic:S_Iron_uptake_and_metabolism
PP_2556,,,,1.0,Metabolic:S_Heavy_Metal_Tolerance
PP_2586,,,,1.0,Metabolic:S_Transport__Inner_Membrane
PP_2591,,,,1.0,Metabolic:S_Iron_uptake_and_metabolism
PP_2590,,,,1.0,Metabolic:S_Iron_uptake_and_metabolism
PP_2589,,,,1.0,Metabolic:Unassigned
PP_2593,,,,1.0,Metabolic:S_Iron_uptake_and_metabolism
PP_2592,,,,1.0,Metabolic:S_Iron_uptake_and_metabolism
PP_2594,,,,1.0,Metabolic:S_Iron_uptake_and_metabolism
PP_2635,,,,1.0,Metabolic:S_Cell_Envelope_Biosynthesis__Cellulose_Metabolism
PP_2637,,,,1.0,Metabolic:S_Cell_Envelope_Biosynthesis__Cellulose_Metabolism
PP_2636,,,,1.0,Metabolic:S_Cell_Envelope_Biosynthesis__Cellulose_Metabolism
PP_2638,,,,1.0,Metabolic:S_Cell_Envelope_Biosynthesis__Cellulose_Metabolism
PP_2645,,,,1.0,Metabolic:S_Transport__ABC_system
PP_2656,,,,1.0,Metabolic:S_Transport__ABC_system
PP_2647,,,,1.0,Metabolic:S_Transport__solvent_extrusion
PP_2657,,,,1.0,Metabolic:S_Transport__ABC_system
PP_2658,,,,1.0,Metabolic:S_Transport__ABC_system
PP_2659,,,,1.0,Metabolic:S_Transport__ABC_system
PP_2668,,,,1.0,Metabolic:S_Transport__solvent_extrusion
PP_2667,,,,1.0,Metabolic:S_Transport__solvent_extrusion
PP_2669,,,,1.0,Metabolic:S_Transport__solvent_extrusion
PP_2673,,,,1.0,Metabolic:S_Transport__Inner_Membrane
PP_2674,,,,1.0,Metabolic:S_Aromatic_Compounds_Degradation__Phenylacetyl_CoA_Catabolom
PP_2675,,,,1.0,Metabolic:S_Aromatic_Compounds_Degradation__Phenylacetyl_CoA_Catabolom
PP_2676,,,,1.0,Metabolic:S_Transport__Inner_Membrane
PP_2679,,,,1.0,Metabolic:S_Aromatic_Compounds_Degradation__Phenylacetyl_CoA_Catabolom
PP_2680,,,,1.0,Metabolic: No subsystem
PP_2694,,,,1.0,Metabolic:S_Plant_growth_promoting
PP_2703,,,,1.0,Metabolic:S_Transport__Inner_Membrane
PP_2716,,,,1.0,Metabolic:S_Heavy_Metal_Tolerance
PP_2698,,,,1.0,Metabolic:S_Methionine_Metabolism
PP_2717,,,,1.0,Metabolic:S_Heavy_Metal_Tolerance
PP_2764,,,,1.0,Metabolic:S_Iron_uptake_and_metabolism
PP_2734,,,,1.0,Metabolic:S_Fatty_Acid__Biosynthesis
PP_2765,,,,1.0,Metabolic:S_Sulfur_Metabolism
PP_2774,,,,1.0,Metabolic:S_Transport__ABC_system
PP_2791,,,,1.0,Metabolic:S_Alternate_Carbon__Levulinate_Metabolism
PP_2775,,,,1.0,Metabolic:S_Transport__ABC_system
PP_2793,,,,1.0,Metabolic:S_Alternate_Carbon__Levulinate_Metabolism
PP_2792,,,,1.0,Metabolic:S_Alternate_Carbon__Levulinate_Metabolism
PP_2794,,,,1.0,Metabolic:S_Alternate_Carbon__Levulinate_Metabolism
PP_2795,,,,1.0,Metabolic:S_Alternate_Carbon__Levulinate_Metabolism
PP_2796,,,,1.0,Metabolic:S_Transport__Inner_Membrane
PP_2800,,,,1.0,Metabolic:S_Alternate_Carbon_and_Nitrogen_source__Ectoine_Metabolism
PP_2797,,,,1.0,Metabolic:S_Transport__Inner_Membrane
PP_2805,,,,1.0,Metabolic:Aliphatic open-chain ketones metabolism
PP_2801,,,,1.0,Metabolic:S_Alternate_Carbon_and_Nitrogen_source__Amines_and_Polyamines_Metabolism
PP_2802,,,,1.0,Metabolic:S_Transport__Inner_Membrane
PP_2834,,,,1.0,Metabolic:S_Alternate_Carbon__Ascorbate_and_Aldarate_Metabolism
PP_2842,,,,1.0,Metabolic:S_Urea_cycleamino_group_metabolism
PP_2843,,,,1.0,Metabolic:S_Urea_cycleamino_group_metabolism
PP_2844,,,,1.0,Metabolic:S_Urea_cycleamino_group_metabolism
PP_2845,,,,1.0,Metabolic:S_Urea_cycleamino_group_metabolism
PP_2846,,,,1.0,Metabolic:S_Urea_cycleamino_group_metabolism
PP_2847,,,,1.0,Metabolic:S_Urea_cycleamino_group_metabolism
PP_2848,,,,1.0,Metabolic:S_Urea_cycleamino_group_metabolism
PP_2862,,,,0.0,Metabolic:S_Cell_Envelope_Biosynthesis__Peptidoglycan_Biosynthesis
PP_2849,,,,1.0,Metabolic:S_Urea_cycleamino_group_metabolism
PP_2902,,,,0.0,Metabolic:S_Cell_Envelope_Biosynthesis__Lipid_A_Biosynthesis
PP_2872,,,,1.0,Metabolic:S_Transport__Inner_Membrane
PP_2887,,,,1.0,Metabolic:Unassigned
PP_2904,,,,0.0,Metabolic:S_tRNA_Charging
PP_2905,,,,0.0,Metabolic:S_tRNA_Charging
PP_2910,,,,1.0,Metabolic:S_Lysine_Metabolism
PP_2909,,,,1.0,Metabolic:S_Lysine_Metabolism
PP_2911,,,,1.0,Metabolic:S_Transport__Inner_Membrane
PP_2916,,,,1.0,Metabolic:S_Cofactor_and_Prosthetic_Group_Biosynthesis__Riboflavin_Metabolism
PP_2913,,,,1.0,Metabolic:S_Cofactor_and_Prosthetic_Group_Biosynthesis__Porphyrin_and_Chlorophyll_Metabolism
PP_2914,,,,1.0,Metabolic:S_Transport__Inner_Membrane
PP_2918,,,,1.0,Metabolic:S_Starch_and_Sucrose_Metabolism
PP_2925,,,,1.0,Metabolic:S_TCA_Cycle
PP_2928,,,,1.0,Metabolic:S_Arginine_and_Proline_Metabolism
PP_2929,,,,1.0,Metabolic:S_Arginine_and_Proline_Metabolism
PP_2933,,,,1.0,Metabolic:S_Alternate_Carbon
PP_2943,,,,1.0,Metabolic:Unassigned
PP_2958,,,,1.0,Metabolic:S_Sulfur_Metabolism
PP_2998,,,,1.0,Metabolic:S_Cofactor_and_Prosthetic_Group_Biosynthesis__Pantothenate_and_CoA_Biosynthesis
PP_2955,,,,1.0,Metabolic:S_Transport__Inner_Membrane
PP_3002,,,,1.0,Metabolic:S_Phenylalanine_Tyrosine_Tryptophan_Biosynthesis
PP_2973,,,,1.0,Metabolic:S_Glycerophospholipid_Metabolism
PP_3071,,,,1.0,Metabolic:S_Butanoate_Metabolism
PP_3003,,,,1.0,Metabolic:S_Phenylalanine_Tyrosine_Tryptophan_Biosynthesis
PP_3073,,,,1.0,Metabolic:S_Butanoate_Metabolism
PP_3074,,,,1.0,Metabolic:S_Transport__Inner_Membrane
PP_3099,,,,1.0,Metabolic:S_Alternate_Carbon_and_Nitrogen_source__Nucleotide_Metabolism
PP_3122,,,,1.0,Metabolic:S_Butanoate_Metabolism
PP_3080,,,,1.0,Metabolic:S_Phenylalanine_Tyrosine_Tryptophan_Biosynthesis
PP_3124,,,,1.0,Metabolic:S_Transport__Inner_Membrane
PP_3123,,,,1.0,Metabolic:S_Butanoate_Metabolism
PP_3129,,,,1.0,Metabolic:S_Cell_Envelope_Biosynthesis
PP_3136,,,,1.0,Metabolic:S_Cysteine_Metabolism
PP_3144,,,,1.0,Metabolic:S_Glycine__Serine_and_threonine_metabolism
PP_3146,,,,1.0,Metabolic:S_Alternate_Carbon_and_Nitrogen_source__Amines_and_Polyamines_Metabolism
PP_3151,,,,1.0,Metabolic: No subsystem
PP_3147,,,,1.0,Metabolic:S_Transport__ABC_system
PP_3148,,,,1.0,Metabolic:S_Alternate_Carbon_and_Nitrogen_source__Amines_and_Polyamines_Metabolism
PP_3161,,,,1.0,Metabolic:S_Aromatic_Compounds_Degradation__B_Ketoadipate_pathway
PP_3163,,,,1.0,Metabolic:S_Aromatic_Compounds_Degradation__B_Ketoadipate_pathway
PP_3162,,,,1.0,Metabolic:S_Aromatic_Compounds_Degradation__B_Ketoadipate_pathway
PP_3164,,,,1.0,Metabolic:S_Aromatic_Compounds_Degradation__B_Ketoadipate_pathway
PP_3166,,,,1.0,Metabolic:S_Aromatic_Compounds_Degradation__B_Ketoadipate_pathway
PP_3165,,,,1.0,Metabolic:S_Transport__Inner_Membrane
PP_3168,,,,1.0,Metabolic:S_Transport__Outer_Membrane
PP_3173,,,,1.0,Metabolic:S_Xenobiotic_tolerance
PP_3178,,,,1.0,Metabolic:S_Glyoxylate_and_dicarboxylate_metabolism
PP_3187,,,,1.0,Metabolic:S_Transport__Inner_Membrane
PP_3189,,,,1.0,Metabolic:S_Alternate_Carbon_and_Nitrogen_source__Nucleotide_Metabolism
PP_3190,,,,1.0,Metabolic:S_Arginine_and_Proline_Metabolism
PP_3253,,,,1.0,Metabolic:S_Glutamate_Metabolism
PP_3219,,,,1.0,Metabolic:S_Sulfur_Metabolism
PP_3198,,,,0.0,Metabolic:S_Iron_uptake_and_metabolism
PP_3254,,,,0.0,Metabolic: No subsystem
PP_3270,,,,1.0,Metabolic:S_Aromatic_Compounds_Degradation__Phenylacetyl_CoA_Catabolom
PP_3264,,,,1.0,Metabolic:S_Glycerophospholipid_Metabolism
PP_3272,,,,1.0,Metabolic:S_Transport__Inner_Membrane
PP_3271,,,,1.0,Metabolic:S_Transport__Outer_Membrane
PP_3276,,,,1.0,Metabolic:S_Aromatic_Compounds_Degradation__Phenylacetyl_CoA_Catabolom
PP_3274,,,,1.0,Metabolic:S_Aromatic_Compounds_Degradation__Phenylacetyl_CoA_Catabolom
PP_3277,,,,1.0,Metabolic:S_Aromatic_Compounds_Degradation__Phenylacetyl_CoA_Catabolom
PP_3278,,,,1.0,Metabolic:S_Aromatic_Compounds_Degradation__Phenylacetyl_CoA_Catabolom
PP_3280,,,,1.0,Metabolic:S_Aromatic_Compounds_Degradation__B_Ketoadipate_pathway
PP_3283,,,,1.0,Metabolic:S_Aromatic_Compounds_Degradation__Phenylacetyl_CoA_Catabolom
PP_3282,,,,1.0,Metabolic:S_Aromatic_Compounds_Degradation__Phenylacetyl_CoA_Catabolom
PP_3279,,,,1.0,Metabolic:S_Aromatic_Compounds_Degradation__Phenylacetyl_CoA_Catabolom
PP_3285,,,,1.0,Metabolic:S_Alternate_Carbon
PP_3284,,,,1.0,Metabolic:S_Aromatic_Compounds_Degradation__Phenylacetyl_CoA_Catabolom
PP_3311,,,,1.0,Metabolic:S_Transport__Inner_Membrane
PP_3303,,,,1.0,Metabolic:S_Fatty_Acid__Biosynthesis
PP_3322,,,,1.0,Metabolic:S_Cofactor_and_Prosthetic_Group_Biosynthesis__Porphyrin_and_Chlorophyll_Metabolism
PP_3320,,,,1.0,Metabolic:S_Histidine_Metabolism
PP_3324,,,,1.0,Metabolic:S_Cofactor_and_Prosthetic_Group_Biosynthesis__Folate_Biosynthesis
PP_3344,,,,1.0,Metabolic:S_Transport__ABC_system
PP_3342,,,,1.0,Metabolic:S_Transport__ABC_system
PP_3343,,,,1.0,Metabolic:S_Transport__ABC_system
PP_3345,,,,1.0,Metabolic:S_Transport__ABC_system
PP_3346,,,,1.0,Metabolic:S_Transport__ABC_system
PP_3357,,,,0.0,Metabolic:S_Aromatic_Compounds_Degradation__B_Ketoadipate_pathway
PP_3358,,,,1.0,Metabolic:S_Aromatic_Compounds_Degradation__B_Ketoadipate_pathway
PP_3365,,,,1.0,Metabolic:S_Cofactor_and_Prosthetic_Group_Biosynthesis__Pantothenate_and_CoA_Biosynthesis
PP_3356,,,,1.0,Metabolic:S_Aromatic_Compounds_Degradation__B_Ketoadipate_pathway
PP_3376,,,,1.0,Metabolic:S_Glycolysis
PP_3382,,,,1.0,Metabolic:S_Glycolysis
PP_3377,,,,1.0,Metabolic:S_Transport__Inner_Membrane
PP_3378,,,,1.0,Metabolic:S_Alternate_Carbon__Ascorbate_and_Aldarate_Metabolism
PP_3383,,,,1.0,Metabolic:S_Glycolysis
PP_3410,,,,0.0,Metabolic:S_Cofactor_and_Prosthetic_Group_Biosynthesis__Porphyrin_and_Chlorophyll_Metabolism
PP_3384,,,,1.0,Metabolic:S_Glycolysis
PP_3416,,,,1.0,Metabolic:S_Glycolysis
PP_3417,,,,1.0,Metabolic:S_Transport__Inner_Membrane
PP_3425,,,,1.0,Metabolic:S_Xenobiotic_tolerance
PP_3426,,,,1.0,Metabolic:S_Xenobiotic_tolerance
PP_3433,,,,1.0,Metabolic:S_Aromatic_Compounds_Degradation__Homogentisate_pathway
PP_3427,,,,1.0,Metabolic:S_Xenobiotic_tolerance
PP_3435,,,,1.0,Metabolic:S_Purine_Metabolism
PP_3443,,,,1.0,Metabolic:S_Gluconeogenesis
PP_3457,,,,0.0,Metabolic:S_Cofactor_and_Prosthetic_Group_Biosynthesis__Molybdopterin_Biosynthesis
PP_3446,,,,1.0,Metabolic:S_Glycine__Serine_and_threonine_metabolism
PP_3459,,,,1.0,Metabolic:S_Aromatic_Compounds_Degradation__Phenylacetyl_CoA_Catabolom
PP_3460,,,,1.0,Metabolic:S_Aromatic_Compounds_Degradation__Phenylacetyl_CoA_Catabolom
PP_3507,,,,0.0,Metabolic:S_Cofactor_and_Prosthetic_Group_Biosynthesis__Porphyrin_and_Chlorophyll_Metabolism
PP_3461,,,,1.0,Metabolic:S_Aromatic_Compounds_Degradation__Phenylacetyl_CoA_Catabolom
PP_3491,,,,1.0,Metabolic: No subsystem
PP_3511,,,,1.0,Metabolic:S_Valine__Leucine__and_Isoleucine_Metabolism
PP_3466,,,,1.0,Metabolic:S_Transport__ABC_system
PP_3514,,,,1.0,Metabolic:S_Alternate_Carbon_and_Nitrogen_source__Amines_and_Polyamines_Metabolism
PP_3515,,,,1.0,Metabolic:S_Alternate_Carbon_and_Nitrogen_source__Amines_and_Polyamines_Metabolism
PP_3530,,,,1.0,Metabolic:S_Alternate_Carbon_and_Nitrogen_source__Nucleotide_Metabolism
PP_3533,,,,1.0,Metabolic:S_Arginine_and_Proline_Metabolism
PP_3537,,,,1.0,Metabolic:S_Aromatic_Compounds_Degradation__B_Ketoadipate_pathway
PP_3535,,,,1.0,Metabolic:S_Cofactor_and_Prosthetic_Group_Biosynthesis
PP_3540,,,,1.0,Metabolic:S_Butanoate_Metabolism
PP_3553,,,,1.0,Metabolic:S_Fatty_Acid__Biosynthesis
PP_3570,,,,1.0,Metabolic:S_Transport__Outer_Membrane
PP_3561,,,,1.0,Metabolic:S_Transport__solvent_extrusion
PP_3578,,,,1.0,Metabolic:S_Starch_and_Sucrose_Metabolism
PP_3569,,,,1.0,Metabolic:S_Aromatic_Compounds_Degradation__B_Ketoadipate_pathway
PP_3581,,,,1.0,Metabolic:S_Purine_Metabolism
PP_3588,,,,1.0,Metabolic:S_Transport__solvent_extrusion
PP_3590,,,,1.0,Metabolic:S_Phenylalanine_Tyrosine_Tryptophan_Biosynthesis
PP_3589,,,,1.0,Metabolic:S_Transport__Inner_Membrane
PP_3591,,,,1.0,Metabolic:S_Lysine_Metabolism
PP_3593,,,,1.0,Metabolic:S_Transport__ABC_system
PP_3594,,,,1.0,Metabolic:S_Transport__ABC_system
PP_3595,,,,1.0,Metabolic:S_Transport__ABC_system
PP_3596,,,,1.0,Metabolic:S_Lysine_Metabolism
PP_3597,,,,1.0,Metabolic:S_Transport__ABC_system
PP_3598,,,,1.0,Metabolic:S_Alternate_Carbon_and_Nitrogen_source__Amines_and_Polyamines_Metabolism
PP_3599,,,,1.0,Metabolic:S_Alternate_Carbon__Ascorbate_and_Aldarate_Metabolism
PP_3600,,,,1.0,Metabolic:S_Transport__Inner_Membrane
PP_3602,,,,1.0,Metabolic:S_Alternate_Carbon__Ascorbate_and_Aldarate_Metabolism
PP_3601,,,,1.0,Metabolic:S_Alternate_Carbon__Ascorbate_and_Aldarate_Metabolism
PP_3633,,,,1.0,Metabolic:S_Urea_cycleamino_group_metabolism
PP_3606,,,,1.0,Metabolic:Unassigned
PP_3630,,,,1.0,Metabolic:S_Transport__Outer_Membrane
PP_3635,,,,1.0,Metabolic:S_Transport__ABC_system
PP_3637,,,,1.0,Metabolic:S_Transport__ABC_system
PP_3636,,,,1.0,Metabolic:S_Transport__ABC_system
PP_3664,,,,1.0,Metabolic:S_Glycerophospholipid_Metabolism
PP_3648,,,,1.0,Metabolic:S_Aromatic_Compounds_Degradation__B_Ketoadipate_pathway
PP_3658,,,,1.0,Metabolic:S_Transport__solvent_extrusion
PP_3667,,,,1.0,Metabolic:S_Alternate_Carbon_and_Nitrogen_source__Amines_and_Polyamines_Metabolism
PP_3666,,,,1.0,Metabolic:S_Transport__Inner_Membrane
PP_3720,,,,1.0,Metabolic:S_Oxidative_Phosphorylation
PP_3713,,,,1.0,Metabolic:S_Aromatic_Compounds_Degradation__B_Ketoadipate_pathway
PP_3668,,,,1.0,Metabolic:Unassigned
PP_3714,,,,1.0,Metabolic:S_Aromatic_Compounds_Degradation__B_Ketoadipate_pathway
PP_3715,,,,1.0,Metabolic:S_Aromatic_Compounds_Degradation__B_Ketoadipate_pathway
PP_3721,,,,1.0,Metabolic:S_Arginine_and_Proline_Metabolism
PP_3722,,,,1.0,Metabolic:S_Alanine_and_Aspartate_Metabolism
PP_3723,,,,1.0,Metabolic:S_Arginine_and_Proline_Metabolism
PP_3727,,,,1.0,Metabolic:S_Transport__Inner_Membrane
PP_3736,,,,1.0,Metabolic:S_Aromatic_Compounds_Degradation__B_Ketoadipate_pathway
PP_3737,,,,1.0,Metabolic:S_Aromatic_Compounds_Degradation__B_Ketoadipate_pathway
PP_3739,,,,1.0,Metabolic:S_Transport__Outer_Membrane
PP_3745,,,,1.0,Metabolic:S_Cell_Envelope_Biosynthesis
PP_3741,,,,1.0,Metabolic:S_Cell_Envelope_Biosynthesis__Peptidoglycan_Biosynthesis
PP_3740,,,,1.0,Metabolic:S_Transport__Inner_Membrane
PP_3746,,,,1.0,Metabolic:S_Glyoxylate_and_dicarboxylate_metabolism
PP_3747,,,,1.0,Metabolic:S_Glyoxylate_and_dicarboxylate_metabolism
PP_3751,,,,1.0,Metabolic:S_Transport__Inner_Membrane
PP_3763,,,,0.0,Metabolic:S_Cofactor_and_Prosthetic_Group_Biosynthesis__Porphyrin_and_Chlorophyll_Metabolism
PP_3755,,,,1.0,Metabolic:S_Fatty_Acid_Metabolism
PP_3754,,,,1.0,Metabolic:S_Butanoate_Metabolism
PP_3766,,,,1.0,Metabolic:S_Pyruvate_Metabolism
PP_3768,,,,1.0,Metabolic:S_Phenylalanine_Tyrosine_Tryptophan_Biosynthesis
PP_3778,,,,1.0,Metabolic:S_Arginine_and_Proline_Metabolism
PP_3790,,,,1.0,Metabolic:S_Lysine_Metabolism
PP_3796,,,,0.0,Metabolic:S_Iron_uptake_and_metabolism
PP_3794,,,,1.0,Metabolic:S_Cell_Envelope_Biosynthesis__Peptidoglycan_Biosynthesis
PP_3801,,,,0.0,Metabolic:S_Transport__ABC_system
PP_3813,,,,1.0,Metabolic:S_Cofactor_and_Prosthetic_Group_Biosynthesis__Riboflavin_Metabolism
PP_3814,,,,1.0,Metabolic:S_Transport__ABC_system
PP_3802,,,,0.0,Metabolic:S_Transport__ABC_system
PP_3803,,,,0.0,Metabolic:S_Transport__ABC_system
PP_3815,,,,1.0,Metabolic:S_Transport__ABC_system
PP_3816,,,,1.0,Metabolic:S_Transport__ABC_system
PP_3821,,,,0.0,Metabolic:S_Starch_and_Sucrose_Metabolism
PP_3817,,,,1.0,Metabolic:S_Transport__ABC_system
PP_3819,,,,1.0,Metabolic:Unassigned
PP_3830,,,,0.0,Metabolic:S_Transport__ABC_system
PP_3839,,,,1.0,Metabolic:Unassigned
PP_3828,,,,1.0,Metabolic:S_Transport__ABC_system
PP_3829,,,,1.0,Metabolic:S_Transport__ABC_system
PP_3844,,,,1.0,Metabolic:S_Alternate_Carbon_and_Nitrogen_source__Amines_and_Polyamines_Metabolism
PP_3846,,,,1.0,Metabolic:Unassigned
PP_3939,,,,1.0,Metabolic:S_Transport__Outer_Membrane
PP_3931,,,,1.0,Metabolic:S_Transport__Inner_Membrane
PP_3940,,,,1.0,Metabolic:S_Transport__Inner_Membrane
PP_3941,,,,1.0,Metabolic:S_Alternate_Carbon_and_Nitrogen_source__Amines_and_Polyamines_Metabolism
PP_3942,,,,1.0,Metabolic:S_Aromatic_Compounds_Degradation__Nicotinic_acid_pathway
PP_3944,,,,1.0,Metabolic:S_Aromatic_Compounds_Degradation__Nicotinic_acid_pathway
PP_3947,,,,1.0,Metabolic:S_Aromatic_Compounds_Degradation__Nicotinic_acid_pathway
PP_3943,,,,1.0,Metabolic:S_Aromatic_Compounds_Degradation__Nicotinic_acid_pathway
PP_3945,,,,1.0,Metabolic:S_Aromatic_Compounds_Degradation__Nicotinic_acid_pathway
PP_3948,,,,1.0,Metabolic:S_Aromatic_Compounds_Degradation__Nicotinic_acid_pathway
PP_3951,,,,1.0,Metabolic:S_Aromatic_Compounds_Degradation__B_Ketoadipate_pathway
PP_3952,,,,1.0,Metabolic:S_Aromatic_Compounds_Degradation__B_Ketoadipate_pathway
PP_3957,,,,1.0,Metabolic:S_Transport__Inner_Membrane
PP_3953,,,,1.0,Metabolic:S_Transport__Inner_Membrane
PP_3958,,,,1.0,Metabolic:S_Transport__Inner_Membrane
PP_3989,,,,1.0,Metabolic:Unassigned
PP_3970,,,,1.0,Metabolic:S_Formaldehyde_Metabolism
PP_3959,,,,1.0,Metabolic:S_Transport__Inner_Membrane
PP_3992,,,,1.0,Metabolic:S_Transport__Inner_Membrane
PP_4000,,,,0.0,Metabolic:S_tRNA_Charging
PP_4007,,,,0.0,Translation
PP_4012,,,,1.0,Metabolic:S_TCA_Cycle
PP_4011,,,,1.0,Metabolic:S_TCA_Cycle
PP_4020,,,,1.0,Metabolic:S_Alternate_Carbon_and_Nitrogen_source__Amines_and_Polyamines_Metabolism
PP_4029,,,,1.0,Metabolic:S_Cofactor_and_Prosthetic_Group_Biosynthesis__Nicotinamide_Biosynthesis
PP_4016,,,,0.0,Metabolic:S_Purine_Metabolism
PP_4034,,,,1.0,Metabolic:S_Alternate_Carbon_and_Nitrogen_source__Nucleotide_Metabolism
PP_4031,,,,1.0,Metabolic:S_Transport__Inner_Membrane
PP_4035,,,,1.0,Metabolic:S_Transport__Inner_Membrane
PP_4036,,,,1.0,Metabolic:S_Alternate_Carbon_and_Nitrogen_source__Nucleotide_Metabolism
PP_4037,,,,1.0,Metabolic:S_Alternate_Carbon_and_Nitrogen_source__Nucleotide_Metabolism
PP_4050,,,,1.0,Metabolic:S_Starch_and_Sucrose_Metabolism
PP_4042,,,,1.0,Metabolic:S_Glycolysis
PP_4043,,,,1.0,Metabolic:S_Pentose_Phosphate_Pathway
PP_4051,,,,1.0,Metabolic:S_Starch_and_Sucrose_Metabolism
PP_4053,,,,1.0,Metabolic:S_Starch_and_Sucrose_Metabolism
PP_4052,,,,1.0,Metabolic:S_Starch_and_Sucrose_Metabolism
PP_4058,,,,1.0,Metabolic:S_Starch_and_Sucrose_Metabolism
PP_4055,,,,1.0,Metabolic:S_Starch_and_Sucrose_Metabolism
PP_4060,,,,1.0,Metabolic:S_Starch_and_Sucrose_Metabolism
PP_4059,,,,1.0,Metabolic:S_Starch_and_Sucrose_Metabolism
PP_4064,,,,1.0,Metabolic:S_Valine__Leucine__and_Isoleucine_Metabolism
PP_4063,,,,1.0,Metabolic:S_Valine__Leucine__and_Isoleucine_Metabolism
PP_4065,,,,1.0,Metabolic:S_Valine__Leucine__and_Isoleucine_Metabolism
PP_4097,,,,0.0,Metabolic:S_Glycerophospholipid_Metabolism
PP_4067,,,,1.0,Metabolic:S_Valine__Leucine__and_Isoleucine_Metabolism
PP_4066,,,,1.0,Metabolic:S_Valine__Leucine__and_Isoleucine_Metabolism
PP_4103,,,,1.0,Metabolic:S_Transport__Inner_Membrane
PP_4106,,,,1.0,Metabolic:S_Transport__Inner_Membrane
PP_4108,,,,1.0,Metabolic:S_Glutamate_Metabolism
PP_4116,,,,1.0,Metabolic:S_TCA_Cycle
PP_4120,,,,1.0,Metabolic:S_Oxidative_Phosphorylation
PP_4119,,,,1.0,Metabolic:S_Oxidative_Phosphorylation
PP_4121,,,,1.0,Metabolic:S_Oxidative_Phosphorylation
PP_4124,,,,1.0,Metabolic:S_Oxidative_Phosphorylation
PP_4122,,,,1.0,Metabolic:S_Oxidative_Phosphorylation
PP_4123,,,,1.0,Metabolic:S_Oxidative_Phosphorylation
PP_4125,,,,1.0,Metabolic:S_Oxidative_Phosphorylation
PP_4126,,,,1.0,Metabolic:S_Oxidative_Phosphorylation
PP_4127,,,,1.0,Metabolic:S_Oxidative_Phosphorylation
PP_4128,,,,1.0,Metabolic:S_Oxidative_Phosphorylation
PP_4129,,,,1.0,Metabolic:S_Oxidative_Phosphorylation
PP_4130,,,,1.0,Metabolic:S_Oxidative_Phosphorylation
PP_4131,,,,1.0,Metabolic:S_Oxidative_Phosphorylation
PP_4138,,,,1.0,Metabolic:S_Heavy_Metal_Tolerance
PP_4144,,,,1.0,Metabolic:S_Pyruvate_Metabolism
PP_4140,,,,1.0,Metabolic:S_Lysine_Metabolism
PP_4147,,,,1.0,Metabolic:Murein Recycling
PP_4148,,,,1.0,Metabolic:Murein Recycling
PP_4149,,,,1.0,Metabolic:Murein Recycling
PP_4150,,,,1.0,Metabolic:Murein Recycling
PP_4160,,,,1.0,Metabolic:S_Transport__ABC_system
PP_4159,,,,1.0,Metabolic:S_Transport__ABC_system
PP_4169,,,,1.0,Metabolic:S_Glycerophospholipid_Metabolism
PP_4175,,,,0.0,Metabolic:S_Cofactor_and_Prosthetic_Group_Biosynthesis__Biotin_Biosynthesis
PP_4161,,,,1.0,Metabolic:S_Transport__ABC_system
PP_4174,,,,1.0,Metabolic:S_Fatty_Acid__Biosynthesis
PP_4185,,,,1.0,Metabolic:S_TCA_Cycle
PP_4186,,,,1.0,Metabolic:S_TCA_Cycle
PP_4184,,,,1.0,Metabolic:S_Transport__Inner_Membrane
PP_4187,,,,1.0,Metabolic:S_TCA_Cycle
PP_4188,,,,1.0,Metabolic:S_TCA_Cycle
PP_4189,,,,1.0,Metabolic:S_TCA_Cycle
PP_4191,,,,1.0,Metabolic:S_TCA_Cycle
PP_4193,,,,1.0,Metabolic:S_TCA_Cycle
PP_4192,,,,1.0,Metabolic:S_TCA_Cycle
PP_4190,,,,1.0,Metabolic:S_TCA_Cycle
PP_4194,,,,1.0,Metabolic:S_TCA_Cycle
PP_4201,,,,1.0,Metabolic:S_Fatty_Acid_Metabolism
PP_4202,,,,1.0,Metabolic:S_Fatty_Acid_Metabolism
PP_4209,,,,0.0,Metabolic:S_Iron_uptake_and_metabolism
PP_4211,,,,0.0,Metabolic:S_Iron_uptake_and_metabolism
PP_4210,,,,0.0,Metabolic:S_Iron_uptake_and_metabolism
PP_4203,,,,1.0,Metabolic:S_Fatty_Acid_Metabolism
PP_4214,,,,0.0,Metabolic:S_Iron_uptake_and_metabolism
PP_4212,,,,0.0,Metabolic:S_Iron_uptake_and_metabolism
PP_4213,,,,0.0,Metabolic:S_Iron_uptake_and_metabolism
PP_4215,,,,0.0,Metabolic:S_Iron_uptake_and_metabolism
PP_4216,,,,0.0,Metabolic:S_Transport__Inner_Membrane
PP_4222,,,,0.0,Metabolic:S_Iron_uptake_and_metabolism
PP_4219,,,,0.0,Metabolic:S_Iron_uptake_and_metabolism
PP_4221,,,,0.0,Metabolic:S_Iron_uptake_and_metabolism
PP_4220,,,,0.0,Metabolic:S_Iron_uptake_and_metabolism
PP_4217,,,,1.0,Metabolic:S_Iron_uptake_and_metabolism
PP_4223,,,,1.0,Metabolic:S_Alternate_Carbon_and_Nitrogen_source__Ectoine_Metabolism
PP_4243,,,,0.0,Metabolic:S_Fatty_Acid__Biosynthesis
PP_4237,,,,1.0,Metabolic:Unassigned
PP_4235,,,,1.0,Metabolic:Unassigned
PP_4250,,,,1.0,Metabolic:S_Oxidative_Phosphorylation
PP_4251,,,,1.0,Metabolic:S_Oxidative_Phosphorylation
PP_4252,,,,1.0,Metabolic:S_Oxidative_Phosphorylation
PP_4253,,,,1.0,Metabolic:S_Oxidative_Phosphorylation
PP_4255,,,,1.0,Metabolic:S_Oxidative_Phosphorylation
PP_4256,,,,1.0,Metabolic:S_Oxidative_Phosphorylation
PP_4257,,,,1.0,Metabolic:S_Oxidative_Phosphorylation
PP_4278,,,,1.0,Metabolic:S_Purine_Metabolism
PP_4258,,,,1.0,Metabolic:S_Oxidative_Phosphorylation
PP_4266,,,,1.0,Metabolic:S_Purine_Metabolism
PP_4264,,,,1.0,Metabolic:S_Cofactor_and_Prosthetic_Group_Biosynthesis__Porphyrin_and_Chlorophyll_Metabolism
PP_4279,,,,1.0,Metabolic:S_Purine_Metabolism
PP_4281,,,,1.0,Metabolic:S_Purine_Metabolism
PP_4285,,,,1.0,Metabolic:S_Alternate_Carbon_and_Nitrogen_source__Nucleotide_Metabolism
PP_4284,,,,1.0,Metabolic:S_Transport__Inner_Membrane
PP_4282,,,,1.0,Metabolic:S_Transport__Inner_Membrane
PP_4286,,,,1.0,Metabolic:S_Alternate_Carbon_and_Nitrogen_source__Nucleotide_Metabolism
PP_4287,,,,1.0,Metabolic:S_Alternate_Carbon_and_Nitrogen_source__Nucleotide_Metabolism
PP_4291,,,,1.0,Metabolic:S_Transport__Outer_Membrane
PP_4290,,,,1.0,Metabolic:S_Transport__Inner_Membrane
PP_4288,,,,1.0,Metabolic:S_Alternate_Carbon_and_Nitrogen_source__Nucleotide_Metabolism
PP_4293,,,,1.0,Metabolic:S_Transport__Outer_Membrane
PP_4297,,,,1.0,Metabolic:S_Glyoxylate_and_dicarboxylate_metabolism
PP_4298,,,,1.0,Metabolic:S_Glyoxylate_and_dicarboxylate_metabolism
PP_4299,,,,1.0,Metabolic:S_Glyoxylate_and_dicarboxylate_metabolism
PP_4300,,,,1.0,Metabolic:S_Alternate_Carbon
PP_4301,,,,1.0,Metabolic:S_Gluconeogenesis
PP_4302,,,,1.0,Metabolic:S_Transport__Inner_Membrane
PP_4305,,,,1.0,Metabolic:S_Transport__ABC_system
PP_4309,,,,1.0,Metabolic:S_Transport__Inner_Membrane
PP_4310,,,,1.0,Metabolic:S_Alternate_Carbon_and_Nitrogen_source__Nucleotide_Metabolism
PP_4325,,,,1.0,Metabolic:S_Iron_uptake_and_metabolism
PP_4326,,,,1.0,Metabolic:S_Iron_uptake_and_metabolism
PP_4379,,,,1.0,Metabolic:S_Cofactor_and_Prosthetic_Group_Biosynthesis__Biotin_Biosynthesis
PP_4346,,,,1.0,Metabolic:S_Cell_Envelope_Biosynthesis__Peptidoglycan_Biosynthesis
PP_4327,,,,1.0,Metabolic:S_Iron_uptake_and_metabolism
PP_4401,,,,1.0,Metabolic:S_Valine__Leucine__and_Isoleucine_Metabolism
PP_4399,,,,1.0,Metabolic:S_Alternate_Carbon_and_Nitrogen_source__Amines_and_Polyamines_Metabolism
PP_4404,,,,1.0,Metabolic:S_Valine__Leucine__and_Isoleucine_Metabolism
PP_4402,,,,1.0,Metabolic:S_Valine__Leucine__and_Isoleucine_Metabolism
PP_4403,,,,1.0,Metabolic:S_Valine__Leucine__and_Isoleucine_Metabolism
PP_4405,,,,1.0,Metabolic:S_Purine_Metabolism
PP_4421,,,,1.0,Metabolic:S_Alternate_Carbon_and_Nitrogen_source__Ectoine_Metabolism
PP_4422,,,,1.0,Metabolic:S_Alternate_Carbon_and_Nitrogen_source__Ectoine_Metabolism
PP_4423,,,,1.0,Metabolic:S_Alternate_Carbon_and_Nitrogen_source__Ectoine_Metabolism
PP_4425,,,,1.0,Metabolic:S_Transport__ABC_system
PP_4426,,,,1.0,Metabolic:S_Transport__ABC_system
PP_4427,,,,1.0,Metabolic:S_Transport__ABC_system
PP_4430,,,,1.0,Metabolic:S_Glycine__Serine_and_threonine_metabolism
PP_4428,,,,1.0,Metabolic:S_Transport__ABC_system
PP_4431,,,,1.0,Metabolic:S_Arginine_and_Proline_Metabolism
PP_4432,,,,1.0,Metabolic:S_Alternate_Carbon_and_Nitrogen_source__Ectoine_Metabolism
PP_4434,,,,1.0,Metabolic:S_Lysine_Metabolism
PP_4469,,,,1.0,Metabolic:S_Alternate_Carbon__Ribose_Metabolism
PP_4473,,,,0.0,Metabolic:S_Lysine_Metabolism
PP_4471,,,,1.0,Metabolic:S_Transport__Inner_Membrane
PP_4474,,,,0.0,Metabolic:S_tRNA_Charging
PP_4477,,,,1.0,Metabolic:S_Arginine_and_Proline_Metabolism
PP_4475,,,,1.0,Metabolic:S_Arginine_and_Proline_Metabolism
PP_4479,,,,1.0,Metabolic:S_Arginine_and_Proline_Metabolism
PP_4478,,,,1.0,Metabolic:S_Arginine_and_Proline_Metabolism
PP_4480,,,,1.0,Metabolic:S_Arginine_and_Proline_Metabolism
PP_4483,,,,1.0,Metabolic:S_Transport__ABC_system
PP_4484,,,,1.0,Metabolic:S_Transport__ABC_system
PP_4485,,,,1.0,Metabolic:S_Transport__ABC_system
PP_4486,,,,1.0,Metabolic:S_Transport__ABC_system
PP_4490,,,,1.0,Metabolic:S_Aromatic_Compounds_Degradation__Homogentisate_pathway
PP_4487,,,,1.0,Metabolic:S_Gluconeogenesis
PP_4492,,,,1.0,Metabolic:S_Transport__Inner_Membrane
PP_4491,,,,1.0,Metabolic:S_Aromatic_Compounds_Degradation__Homogentisate_pathway
PP_4495,,,,1.0,Metabolic:S_Transport__Inner_Membrane
PP_4507,,,,1.0,Metabolic:S_Transport__Inner_Membrane
PP_4523,,,,1.0,Metabolic:S_Arginine_and_Proline_Metabolism
PP_4524,,,,1.0,Metabolic:S_Transport__Inner_Membrane
PP_4545,,,,1.0,Metabolic:S_Cofactor_and_Prosthetic_Group_Biosynthesis__Biotin_Biosynthesis
PP_4547,,,,1.0,Metabolic:S_Alternate_Carbon_and_Nitrogen_source__Amines_and_Polyamines_Metabolism
PP_4548,,,,1.0,Metabolic:S_Alternate_Carbon_and_Nitrogen_source__Amines_and_Polyamines_Metabolism
PP_4552,,,,1.0,Metabolic:S_PHAs_Metabolism
PP_4550,,,,1.0,Metabolic:S_Fatty_Acid__Biosynthesis
PP_4549,,,,1.0,Metabolic:S_Fatty_Acid__Biosynthesis
PP_4560,,,,1.0,Transcription
PP_4570,,,,1.0,Metabolic:S_Cell_Envelope_Biosynthesis__Lipid_A_Biosynthesis
PP_4571,,,,1.0,Metabolic:S_Cysteine_Metabolism
PP_4585,,,,0.0,tRNA-Charging
PP_4591,,,,1.0,Transcription
PP_4597,,,,1.0,Metabolic:S_Cofactor_and_Prosthetic_Group_Biosynthesis__Molybdopterin_Biosynthesis
PP_4594,,,,1.0,Metabolic:S_Cysteine_Metabolism
PP_4600,,,,1.0,Metabolic:S_Cofactor_and_Prosthetic_Group_Biosynthesis__Molybdopterin_Biosynthesis
PP_4619,,,,1.0,Metabolic:S_Aromatic_Compounds_Degradation__Homogentisate_pathway
PP_4613,,,,1.0,Metabolic:S_Transport__Outer_Membrane
PP_4617,,,,1.0,Metabolic:S_Valine__Leucine__and_Isoleucine_Metabolism
PP_4620,,,,1.0,Metabolic:S_Aromatic_Compounds_Degradation__Homogentisate_pathway
PP_4628,,,,0.0,Metabolic:S_Iron_uptake_and_metabolism
PP_4621,,,,1.0,Metabolic:S_Aromatic_Compounds_Degradation__Homogentisate_pathway
PP_4632,,,,1.0,Metabolic:S_Cofactor_and_Prosthetic_Group_Biosynthesis__Folate_Biosynthesis
PP_4635,,,,1.0,Metabolic:S_Fatty_Acid__Biosynthesis
PP_4636,,,,1.0,Metabolic:S_Butanoate_Metabolism
PP_4646,,,,0.0,Metabolic:S_Iron_uptake_and_metabolism
PP_4648,,,,0.0,Translation
PP_4643,,,,1.0,Metabolic:S_Transport__Inner_Membrane
PP_4639,,,,1.0,Metabolic:S_Nucleotide_Salvage_Pathway
PP_4650,,,,1.0,Metabolic:S_Oxidative_Phosphorylation
PP_4651,,,,1.0,Metabolic:S_Oxidative_Phosphorylation
PP_4653,,,,1.0,Metabolic:S_Transport__Inner_Membrane
PP_4654,,,,0.0,tRNA-Charging
PP_4655,,,,1.0,Metabolic:S_Aromatic_Compounds_Degradation__B_Ketoadipate_pathway
PP_4656,,,,1.0,Metabolic:S_Aromatic_Compounds_Degradation__B_Ketoadipate_pathway
PP_4659,,,,1.0,Metabolic:S_Cofactor_and_Prosthetic_Group_Biosynthesis
PP_4667,,,,1.0,Metabolic:S_Valine__Leucine__and_Isoleucine_Metabolism
PP_4666,,,,1.0,Metabolic:S_Valine__Leucine__and_Isoleucine_Metabolism
PP_4670,,,,1.0,Metabolic:S_Purine_Metabolism
PP_4679,,,,0.0,Metabolic:S_Cofactor_and_Prosthetic_Group_Biosynthesis__Pantothenate_and_CoA_Biosynthesis
PP_4677,,,,1.0,Metabolic:S_Glycerophospholipid_Metabolism
PP_4680,,,,0.0,Metabolic:S_Cofactor_and_Prosthetic_Group_Biosynthesis__Pantothenate_and_CoA_Biosynthesis
PP_4683,,,,1.0,Metabolic:S_Cell_Envelope_Biosynthesis__Peptidoglycan_Biosynthesis
PP_4686,,,,1.0,Metabolic:S_Transport__Inner_Membrane
PP_4687,,,,1.0,Metabolic:S_Transport__Outer_Membrane
PP_4698,,,,1.0,Metabolic:S_Cofactor_and_Prosthetic_Group_Biosynthesis__Folate_Biosynthesis
PP_4689,,,,1.0,Metabolic:S_Transport__Inner_Membrane
PP_4688,,,,1.0,Metabolic:S_Transport__Outer_Membrane
PP_4701,,,,1.0,Metabolic:S_Pentose_Phosphate_Pathway
PP_4702,,,,1.0,Metabolic:S_Gluconeogenesis
PP_4713,,,,0.0,Transcription
PP_4709,,,,0.0,Translation
PP_4708,,,,0.0,Transcription
PP_4712,,,,0.0,Translation
PP_5706,,,,0.0,Post-translation
PP_4717,,,,0.0,Metabolic:S_Cofactor_and_Prosthetic_Group_Biosynthesis__Folate_Biosynthesis
PP_4711,,,,0.0,Translation
PP_4716,,,,1.0,Metabolic:S_Cell_Envelope_Biosynthesis
PP_4715,,,,1.0,Metabolic:S_Gluconeogenesis
PP_4722,,,,0.0,Transcription
PP_4719,,,,0.0,Translation
PP_4725,,,,0.0,Metabolic:S_Lysine_Metabolism
PP_4723,,,,1.0,Metabolic:S_Pyrimidine_Metabolism
PP_4726,,,,0.0,Translation
PP_4724,,,,1.0,Metabolic:S_Pyrimidine_Metabolism
PP_4728,,,,0.0,Translation
PP_4735,,,,1.0,Metabolic:S_Transport__Inner_Membrane
PP_4727,,,,0.0,Translation
PP_4737,,,,1.0,Metabolic:S_Pyruvate_Metabolism
PP_4736,,,,1.0,Metabolic:S_Pyruvate_Metabolism
PP_4755,,,,1.0,Metabolic:S_Iron_uptake_and_metabolism
PP_4762,,,,1.0,Metabolic:S_Fatty_Acid_Metabolism
PP_4758,,,,1.0,Metabolic:S_Transport__Inner_Membrane
PP_4757,,,,1.0,Metabolic:S_Alternate_Carbon__Ascorbate_and_Aldarate_Metabolism
PP_4756,,,,1.0,Metabolic:S_Transport__Inner_Membrane
PP_4784,,,,0.0,Metabolic:S_Cofactor_and_Prosthetic_Group_Biosynthesis__Porphyrin_and_Chlorophyll_Metabolism
PP_4782,,,,0.0,Metabolic:S_Cofactor_and_Prosthetic_Group_Biosynthesis__Thiamine_Metabolism
PP_4779,,,,1.0,Metabolic:S_Purine_Metabolism
PP_4774,,,,1.0,Metabolic:S_Heavy_Metal_Tolerance
PP_4783,,,,0.0,Metabolic:S_Cofactor_and_Prosthetic_Group_Biosynthesis__Thiamine_Metabolism
PP_4790,,,,1.0,Metabolic:S_Glycerophospholipid_Metabolism
PP_4801,,,,0.0,Metabolic:S_Cofactor_and_Prosthetic_Group_Biosynthesis
PP_4800,,,,0.0,Metabolic:S_TCA_Cycle
PP_4794,,,,0.0,Metabolic:S_tRNA_Charging
PP_4799,,,,1.0,Metabolic:S_Cell_Envelope_Biosynthesis__Peptidoglycan_Biosynthesis
PP_4807,,,,1.0,Metabolic:S_Cell_Envelope_Biosynthesis__Peptidoglycan_Biosynthesis
PP_4803,,,,1.0,Metabolic:S_Cell_Envelope_Biosynthesis__Peptidoglycan_Biosynthesis
PP_4805,,,,1.0,Metabolic:S_Cell_Envelope_Biosynthesis__Peptidoglycan_Biosynthesis
PP_4811,,,,1.0,Metabolic:S_Glutamate_Metabolism
PP_4810,,,,0.0,Metabolic:S_Cofactor_and_Prosthetic_Group_Biosynthesis__Nicotinamide_Biosynthesis
PP_4817,,,,1.0,Metabolic:S_PHAs_Metabolism
PP_4826,,,,0.0,Metabolic:S_Cofactor_and_Prosthetic_Group_Biosynthesis__Porphyrin_and_Chlorophyll_Metabolism
PP_4829,,,,0.0,Metabolic:S_Cofactor_and_Prosthetic_Group_Biosynthesis__Porphyrin_and_Chlorophyll_Metabolism
PP_4827,,,,0.0,Metabolic:S_Cofactor_and_Prosthetic_Group_Biosynthesis__Porphyrin_and_Chlorophyll_Metabolism
PP_4820,,,,1.0,tRNA-Charging
PP_4828,,,,0.0,Metabolic:S_Cofactor_and_Prosthetic_Group_Biosynthesis__Porphyrin_and_Chlorophyll_Metabolism
PP_4830,,,,0.0,Metabolic:S_Cofactor_and_Prosthetic_Group_Biosynthesis__Porphyrin_and_Chlorophyll_Metabolism
PP_4832,,,,0.0,Metabolic:S_Cofactor_and_Prosthetic_Group_Biosynthesis__Porphyrin_and_Chlorophyll_Metabolism
PP_4822,,,,0.0,Metabolic:S_Purine_Metabolism
PP_4823,,,,0.0,Metabolic:S_Purine_Metabolism
PP_4838,,,,1.0,Metabolic:S_Transport__Outer_Membrane
PP_4846,,,,1.0,Metabolic:Unassigned
PP_4841,,,,1.0,Metabolic:S_Transport__ABC_system
PP_4840,,,,1.0,Metabolic:S_Transport__Inner_Membrane
PP_4843,,,,1.0,Metabolic:S_Transport__ABC_system
PP_4845,,,,1.0,Metabolic:S_Transport__ABC_system
PP_4842,,,,1.0,Metabolic:S_Transport__ABC_system
PP_4854,,,,1.0,Metabolic:S_Fatty_Acid_Metabolism
PP_4844,,,,1.0,Metabolic:S_Transport__ABC_system
PP_4862,,,,0.0,Metabolic:S_Glycine__Serine_and_threonine_metabolism
PP_4863,,,,1.0,Metabolic:S_Transport__ABC_system
PP_4864,,,,1.0,Metabolic:S_Transport__ABC_system
PP_4865,,,,1.0,Metabolic:S_Transport__ABC_system
PP_4866,,,,1.0,Metabolic:S_Transport__ABC_system
PP_4868,,,,1.0,Metabolic:S_Cofactor_and_Prosthetic_Group_Biosynthesis__Nicotinamide_Biosynthesis
PP_4869,,,,0.0,Metabolic:S_Cofactor_and_Prosthetic_Group_Biosynthesis__Nicotinamide_Biosynthesis
PP_4867,,,,1.0,Metabolic:S_Transport__ABC_system
PP_4876,,,,0.0,Translation
PP_4877,,,,0.0,Translation
PP_4874,,,,0.0,Translation
PP_4879,,,,0.0,Translation
PP_4881,,,,1.0,Metabolic:S_Iron_uptake_and_metabolism
PP_4882,,,,1.0,Metabolic:S_Iron_uptake_and_metabolism
PP_4900,,,,1.0,Metabolic:S_Cofactor_and_Prosthetic_Group_Biosynthesis__Queuosine_biosynthesis
PP_4893,,,,1.0,Metabolic:S_Nucleotide_Salvage_Pathway
PP_4889,,,,0.0,Metabolic:S_Purine_Metabolism
PP_4897,,,,1.0,Metabolic:S_Cell_Envelope_Biosynthesis__Peptidoglycan_Biosynthesis
PP_4895,,,,1.0,tRNA-Charging
PP_4902,,,,0.0,Transcription
PP_4908,,,,0.0,Metabolic:S_Glycerophospholipid_Metabolism
PP_4903,,,,1.0,Metabolic:Biomass and maintenance functions
PP_4907,,,,1.0,Metabolic:S_Sulfur_Metabolism
PP_4934,,,,0.0,Metabolic:S_Cell_Envelope_Biosynthesis__Biosynthesis_of_L_glycero_D_manno_heptose__Hep_
PP_4928,,,,0.0,Metabolic:S_Cell_Envelope_Biosynthesis__Lipid_A_Biosynthesis
PP_4935,,,,0.0,Metabolic:S_Transport__ABC_system
PP_4936,,,,0.0,Metabolic:S_Cell_Envelope_Biosynthesis__O_antigen_Biosynthesis
PP_4922,,,,0.0,Metabolic:S_Cofactor_and_Prosthetic_Group_Biosynthesis__Thiamine_Metabolism
PP_4919,,,,1.0,Metabolic:S_Purine_Metabolism
PP_4944,,,,0.0,Metabolic:S_Cell_Envelope_Biosynthesis__LPS_Biosynthesis
PP_4943,,,,0.0,Metabolic:S_Cell_Envelope_Biosynthesis__LPS_Biosynthesis
PP_4960,,,,1.0,Metabolic:S_Glycolysis
PP_4946,,,,1.0,Metabolic:S_Transport__Inner_Membrane
PP_4947,,,,1.0,Metabolic:S_Arginine_and_Proline_Metabolism
PP_4963,,,,1.0,Metabolic:S_Gluconeogenesis
PP_4965,,,,0.0,Metabolic:S_Pentose_Phosphate_Pathway
PP_4964,,,,0.0,Metabolic:S_Cofactor_and_Prosthetic_Group_Biosynthesis__Vitamin_B6_Metabolism
PP_4971,,,,1.0,Metabolic:S_Cell_Envelope_Biosynthesis__Peptidoglycan_Biosynthesis
PP_4967,,,,0.0,Metabolic:S_Methionine_Metabolism
PP_4974,,,,1.0,Metabolic:S_Transport__Inner_Membrane
PP_4976,,,,0.0,Metabolic:S_Methionine_Metabolism
PP_4977,,,,0.0,Metabolic:S_Cofactor_and_Prosthetic_Group_Biosynthesis__One_Carbon_pool_by_folate
PP_4983,,,,1.0,Metabolic:S_Plant_growth_promoting
PP_4993,,,,0.0,Metabolic:S_Glutamate_Metabolism
PP_4985,,,,0.0,Translation
PP_4997,,,,1.0,Metabolic:S_Pyrimidine_Metabolism
PP_5011,,,,0.0,Metabolic:S_Cofactor_and_Prosthetic_Group_Biosynthesis__Ubiquinone_biosynthesis
PP_4998,,,,0.0,Metabolic:S_Pyrimidine_Metabolism
PP_5003,,,,1.0,Metabolic:S_PHAs_Metabolism
PP_4999,,,,0.0,Metabolic:S_Pyrimidine_Metabolism
PP_5005,,,,1.0,Metabolic:S_PHAs_Metabolism
PP_5004,,,,1.0,Metabolic:S_PHAs_Metabolism
PP_5013,,,,0.0,Metabolic:S_Cofactor_and_Prosthetic_Group_Biosynthesis__Ubiquinone_biosynthesis
PP_5014,,,,1.0,Metabolic:S_Histidine_Metabolism
PP_5016,,,,1.0,Post-translation
PP_5029,,,,1.0,Metabolic:S_Histidine_Metabolism
PP_5018,,,,1.0,Post-translation
PP_5019,,,,0.0,Translation
PP_5015,,,,0.0,Metabolic:S_Histidine_Metabolism
PP_5030,,,,1.0,Metabolic:S_Histidine_Metabolism
PP_5031,,,,1.0,Metabolic:S_Transport__Inner_Membrane
PP_5032,,,,1.0,Metabolic:S_Histidine_Metabolism
PP_5033,,,,1.0,Metabolic:S_Histidine_Metabolism
PP_5036,,,,1.0,Metabolic:S_Histidine_Metabolism
PP_5040,,,,1.0,Metabolic:S_Glycolysis
PP_5053,,,,0.0,Post-translation
PP_5041,,,,1.0,Metabolic:S_Starch_and_Sucrose_Metabolism
PP_5046,,,,0.0,Metabolic:S_Glutamate_Metabolism
PP_5054,,,,1.0,Metabolic:S_Sulfur_Metabolism
PP_5045,,,,0.0,Metabolic:S_Cofactor_and_Prosthetic_Group_Biosynthesis__Thiamine_Metabolism
PP_5056,,,,1.0,Metabolic:S_Gluconeogenesis
PP_5061,,,,1.0,Metabolic:S_Transport__Inner_Membrane
PP_5063,,,,1.0,Metabolic:S_Alternate_Carbon_and_Nitrogen_source__Amines_and_Polyamines_Metabolism
PP_5074,,,,0.0,Metabolic:S_Cofactor_and_Prosthetic_Group_Biosynthesis__Porphyrin_and_Chlorophyll_Metabolism
PP_5069,,,,1.0,Metabolic:S_Sulfur_Metabolism
PP_5064,,,,1.0,Metabolic:S_Alternate_Carbon_and_Nitrogen_source__Amines_and_Polyamines_Metabolism
PP_5066,,,,1.0,Metabolic:S_Transport__Inner_Membrane
PP_5078,,,,0.0,Metabolic:S_Phenylalanine_Tyrosine_Tryptophan_Biosynthesis
PP_5075,,,,1.0,Metabolic:S_Glutamate_Metabolism
PP_5076,,,,1.0,Metabolic:S_Glutamate_Metabolism
PP_5084,,,,1.0,Metabolic:S_Cell_Envelope_Biosynthesis__Peptidoglycan_Biosynthesis
PP_5079,,,,0.0,Metabolic:S_Phenylalanine_Tyrosine_Tryptophan_Biosynthesis
PP_5085,,,,1.0,Metabolic:S_TCA_Cycle
PP_5089,,,,0.0,Metabolic:S_tRNA_Charging
PP_5095,,,,1.0,Metabolic:S_Arginine_and_Proline_Metabolism
PP_5100,,,,1.0,Metabolic:S_Cofactor_and_Prosthetic_Group_Biosynthesis__Thiamine_Metabolism
PP_5104,,,,0.0,Metabolic:S_Cofactor_and_Prosthetic_Group_Biosynthesis__Thiamine_Metabolism
PP_5103,,,,0.0,tRNA-Charging
PP_5107,,,,1.0,Metabolic:S_Cell_Envelope_Biosynthesis__Peptidoglycan_Biosynthesis
PP_5105,,,,0.0,Metabolic:S_Cofactor_and_Prosthetic_Group_Biosynthesis__Thiamine_Metabolism
PP_5111,,,,0.0,Post-translation
PP_5114,,,,0.0,Translation
PP_5127,,,,0.0,Translation
PP_5118,,,,1.0,Metabolic:S_Sulfur_Metabolism
PP_5123,,,,0.0,Metabolic:S_Cofactor_and_Prosthetic_Group_Biosynthesis__Pantothenate_and_CoA_Biosynthesis
PP_5120,,,,1.0,Metabolic:S_Aromatic_Compounds_Degradation__B_Ketoadipate_pathway
PP_5132,,,,0.0,Metabolic:S_Cofactor_and_Prosthetic_Group_Biosynthesis__Folate_Biosynthesis
PP_5130,,,,1.0,Metabolic:S_Glycerophospholipid_Metabolism
PP_5136,,,,1.0,Metabolic:S_Transport__ABC_system
PP_5135,,,,1.0,Metabolic:S_Transport__ABC_system
PP_5141,,,,0.0,Metabolic:S_Pyrimidine_Metabolism
PP_5137,,,,1.0,Metabolic:S_Transport__ABC_system
PP_5139,,,,1.0,Metabolic:S_Heavy_Metal_Tolerance
PP_5149,,,,1.0,Metabolic:S_Glycine__Serine_and_threonine_metabolism
PP_5150,,,,0.0,Metabolic:S_Pentose_Phosphate_Pathway
PP_5168,,,,1.0,Metabolic:S_Transport__ABC_system
PP_5169,,,,1.0,Metabolic:S_Transport__ABC_system
PP_5170,,,,1.0,Metabolic:S_Transport__ABC_system
PP_5171,,,,1.0,Metabolic:S_Transport__ABC_system
PP_5177,,,,1.0,Metabolic:S_Transport__ABC_system
PP_5178,,,,1.0,Metabolic:S_Transport__ABC_system
PP_5180,,,,1.0,Metabolic:S_Transport__ABC_system
PP_5179,,,,1.0,Metabolic:S_Transport__ABC_system
PP_5182,,,,1.0,Metabolic:S_Alternate_Carbon_and_Nitrogen_source__Amines_and_Polyamines_Metabolism
PP_5181,,,,1.0,Metabolic:S_Transport__ABC_system
PP_5183,,,,1.0,Metabolic:S_Alternate_Carbon_and_Nitrogen_source__Amines_and_Polyamines_Metabolism
PP_5184,,,,1.0,Metabolic:S_Alternate_Carbon_and_Nitrogen_source__Amines_and_Polyamines_Metabolism
PP_5186,,,,1.0,Metabolic:S_Arginine_and_Proline_Metabolism
PP_5194,,,,1.0,Metabolic:S_Cofactor_and_Prosthetic_Group_Biosynthesis__One_Carbon_pool_by_folate
PP_5193,,,,1.0,Metabolic:S_Glycine__Serine_and_threonine_metabolism
PP_5192,,,,1.0,Metabolic:S_Glycine__Serine_and_threonine_metabolism
PP_5199,,,,0.0,Metabolic:S_Cofactor_and_Prosthetic_Group_Biosynthesis__Ubiquinone_biosynthesis
PP_5195,,,,1.0,Metabolic:S_Iron_uptake_and_metabolism
PP_5196,,,,1.0,Metabolic:S_Iron_uptake_and_metabolism
PP_5197,,,,1.0,Metabolic:S_Cofactor_and_Prosthetic_Group_Biosynthesis__Ubiquinone_biosynthesis
PP_5203,,,,1.0,Metabolic:S_Cofactor_and_Prosthetic_Group_Biosynthesis__One_Carbon_pool_by_folate
PP_5214,,,,0.0,Transcription
PP_5213,,,,1.0,Metabolic:S_Cofactor_and_Prosthetic_Group_Biosynthesis__Ubiquinone_biosynthesis
PP_5216,,,,1.0,Metabolic:S_Inorganic_polyphosphates_metabolism
PP_5215,,,,0.0,Metabolic:S_Sulfur_Metabolism
PP_5217,,,,1.0,Metabolic:S_Inorganic_polyphosphates_metabolism
PP_5222,,,,1.0,Metabolic:S_Purine_Metabolism
PP_5227,,,,1.0,Metabolic:S_Lysine_Metabolism
PP_5226,,,,1.0,Metabolic:S_Glycerophospholipid_Metabolism
PP_5246,,,,1.0,Metabolic:S_Transport__Inner_Membrane
PP_5233,,,,1.0,Metabolic:S_Transport__Inner_Membrane
PP_5228,,,,1.0,Metabolic:S_Lysine_Metabolism
PP_5250,,,,1.0,Metabolic:S_Transport__Outer_Membrane
PP_5257,,,,1.0,Metabolic:S_Lysine_Metabolism
PP_5258,,,,1.0,Metabolic:S_Lysine_Metabolism
PP_5256,,,,1.0,Metabolic:S_Purine_Metabolism
PP_5285,,,,0.0,Metabolic:S_Cofactor_and_Prosthetic_Group_Biosynthesis__Pantothenate_and_CoA_Biosynthesis
PP_5278,,,,1.0,Metabolic:S_Arginine_and_Proline_Metabolism
PP_5286,,,,1.0,Metabolic:S_Pyrimidine_Metabolism
PP_5288,,,,1.0,Metabolic:S_Cell_Envelope_Biosynthesis
PP_5270,,,,1.0,Metabolic:S_Lysine_Metabolism
PP_5273,,,,1.0,Metabolic:S_Alternate_Carbon_and_Nitrogen_source__Amines_and_Polyamines_Metabolism
PP_5269,,,,1.0,Metabolic:S_Alanine_and_Aspartate_Metabolism
PP_5291,,,,0.0,Metabolic:S_Pyrimidine_Metabolism
PP_5301,,,,0.0,Transcription
PP_5296,,,,0.0,Metabolic:S_Purine_Metabolism
PP_5294,,,,1.0,Transcription
PP_5298,,,,1.0,Metabolic:S_Alternate_Carbon_and_Nitrogen_source__Amines_and_Polyamines_Metabolism
PP_5302,,,,1.0,Metabolic:S_Cofactor_and_Prosthetic_Group_Biosynthesis
PP_5307,,,,1.0,Metabolic:S_Transport__Outer_Membrane
PP_5299,,,,1.0,Metabolic:S_Alternate_Carbon_and_Nitrogen_source__Amines_and_Polyamines_Metabolism
PP_5306,,,,1.0,Metabolic:S_Transport__Outer_Membrane
PP_5318,,,,0.0,Metabolic:S_Cofactor_and_Prosthetic_Group_Biosynthesis__Ubiquinone_biosynthesis
PP_5308,,,,1.0,Metabolic:S_Transport__Outer_Membrane
PP_5315,,,,1.0,Metabolic:Unassigned
PP_5314,,,,1.0,Metabolic:Unassigned
PP_5317,,,,1.0,Metabolic:S_Cofactor_and_Prosthetic_Group_Biosynthesis__Ubiquinone_biosynthesis
PP_5327,,,,1.0,Metabolic:S_Transport__ABC_system
PP_5328,,,,1.0,Metabolic:S_Transport__ABC_system
PP_5326,,,,1.0,Metabolic:S_Transport__ABC_system
PP_5329,,,,1.0,Metabolic:S_Transport__ABC_system
PP_5338,,,,1.0,Metabolic:S_Alanine_and_Aspartate_Metabolism
PP_5340,,,,1.0,Metabolic:S_Alternate_Carbon_and_Nitrogen_source__Amines_and_Polyamines_Metabolism
PP_5346,,,,1.0,Metabolic:S_TCA_Cycle
PP_5336,,,,0.0,Metabolic:S_Purine_Metabolism
PP_5341,,,,1.0,Metabolic:S_Transport__ABC_system
PP_5347,,,,1.0,Metabolic:S_TCA_Cycle
PP_5351,,,,1.0,Metabolic:S_Glycolysis
PP_5357,,,,1.0,Metabolic:S_Cofactor_and_Prosthetic_Group_Biosynthesis__Vitamin_B6_Metabolism
PP_5365,,,,1.0,Metabolic:S_Fatty_Acid__Biosynthesis
PP_5364,,,,1.0,Metabolic:S_Glycerophospholipid_Metabolism
PP_5366,,,,1.0,Metabolic:S_TCA_Cycle
PP_5409,,,,0.0,Metabolic:S_Cell_Envelope_Biosynthesis__Peptidoglycan_Biosynthesis
PP_5380,,,,1.0,Metabolic:S_Iron_uptake_and_metabolism
PP_5374,,,,1.0,Metabolic:S_Transport__Inner_Membrane
PP_5371,,,,1.0,Metabolic:Unassigned
PP_5385,,,,1.0,Metabolic:S_Heavy_Metal_Tolerance
PP_5411,,,,0.0,Metabolic:S_Cell_Envelope_Biosynthesis__O_antigen_Biosynthesis
PP_5387,,,,1.0,Metabolic:S_Heavy_Metal_Tolerance
PP_5386,,,,1.0,Metabolic:S_Heavy_Metal_Tolerance
PP_5388,,,,1.0,Metabolic:S_Heavy_Metal_Tolerance
PP_5412,,,,1.0,Metabolic:S_Oxidative_Phosphorylation
PP_5413,,,,1.0,Metabolic:S_Oxidative_Phosphorylation
PP_5415,,,,1.0,Metabolic:S_Oxidative_Phosphorylation
PP_5414,,,,1.0,Metabolic:S_Oxidative_Phosphorylation
PP_5416,,,,1.0,Metabolic:S_Oxidative_Phosphorylation
PP_5417,,,,1.0,Metabolic:S_Oxidative_Phosphorylation
PP_5419,,,,1.0,Metabolic:S_Oxidative_Phosphorylation
PP_5418,,,,1.0,Metabolic:S_Oxidative_Phosphorylation
PP_5420,,,,1.0,Metabolic:S_Oxidative_Phosphorylation
